instrument,library
Illumina NextSeq 550,ERR3562836
Illumina NextSeq 550,ERR3562837
Illumina MiSeq,ERR3562838
Illumina MiSeq,ERR3562839
Illumina MiSeq,ERR3562840
Illumina MiSeq,ERR3562841
Illumina MiSeq,ERR3562842
Illumina NextSeq 550,ERR3562843
Illumina NextSeq 550,ERR3562844
Illumina NextSeq 550,ERR3562845
Illumina NextSeq 550,ERR3562846
Illumina NextSeq 550,ERR3562847
Illumina NextSeq 550,ERR3562848
Illumina NextSeq 550,ERR3562849
Illumina NextSeq 550,ERR3562850
Illumina NextSeq 550,ERR3562851
Illumina NextSeq 550,ERR3562852
Illumina NextSeq 550,ERR3562853
Illumina NextSeq 550,ERR3562854
Illumina MiSeq,ERR3562855
Illumina MiSeq,ERR3562856
Illumina MiSeq,ERR3562857
Illumina MiSeq,ERR3562858
Illumina MiSeq,ERR3562859
Illumina MiSeq,ERR3562860
Illumina NextSeq 550,ERR3562861
Illumina NextSeq 550,ERR3562862
Illumina NextSeq 550,ERR3562863
Illumina NextSeq 550,ERR3562864
Illumina NextSeq 550,ERR3562865
Illumina NextSeq 550,ERR3562866
Illumina NextSeq 550,ERR3562867
Illumina NextSeq 550,ERR3562868
Illumina NextSeq 550,ERR3562869
Illumina NextSeq 550,ERR3562870
Illumina MiSeq,ERR3562871
Illumina MiSeq,ERR3562872
Illumina MiSeq,ERR3562873
Illumina MiSeq,ERR3562874
Illumina MiSeq,ERR3562875
Illumina MiSeq,ERR3562876
Illumina MiSeq,ERR3562877
Illumina MiSeq,ERR3562878
Illumina MiSeq,ERR3562879
Illumina MiSeq,ERR3562880
Illumina MiSeq,ERR3562881
Illumina MiSeq,ERR3562882
Illumina MiSeq,ERR3562883
Illumina MiSeq,ERR3562884
Illumina MiSeq,ERR3562885
Illumina MiSeq,ERR3562886
Illumina MiSeq,ERR3562887
Illumina MiSeq,ERR3562888
Illumina MiSeq,ERR3562889
Illumina MiSeq,ERR3562890
Illumina MiSeq,ERR3562891
Illumina MiSeq,ERR3562892
Illumina MiSeq,ERR3562893
Illumina MiSeq,ERR3562894
Illumina MiSeq,ERR3562895
Illumina MiSeq,ERR3562896
Illumina MiSeq,ERR3562897
Illumina MiSeq,ERR3562898
Illumina MiSeq,ERR3562899
Illumina MiSeq,ERR3562900
Illumina MiSeq,ERR3562901
Illumina MiSeq,ERR3562902
Illumina MiSeq,ERR3562903
Illumina MiSeq,ERR3562904
Illumina MiSeq,ERR3562905
Illumina MiSeq,ERR3562906
Illumina MiSeq,ERR3562907
Illumina MiSeq,ERR3562908
Illumina MiSeq,ERR3562909
Illumina MiSeq,ERR3562910
Illumina MiSeq,ERR3562911
Illumina MiSeq,ERR3562912
Illumina MiSeq,ERR3562913
Illumina MiSeq,ERR3562914
Illumina MiSeq,ERR3562915
Illumina MiSeq,ERR3562916
Illumina MiSeq,ERR3562917
Illumina MiSeq,ERR3562918
Illumina MiSeq,ERR3562919
Illumina NextSeq 550,ERR3562920
Illumina NextSeq 550,ERR3562921
Illumina NextSeq 550,ERR3562922
Illumina NextSeq 550,ERR3562923
Illumina NextSeq 550,ERR3562924
Illumina NextSeq 550,ERR3562925
Illumina NextSeq 550,ERR3562926
Illumina NextSeq 550,ERR3562927
Illumina NextSeq 550,ERR3562928
Illumina NextSeq 550,ERR3562929
Illumina NextSeq 550,ERR3562930
Illumina NextSeq 550,ERR3562931
Illumina NextSeq 550,ERR3562932
Illumina NextSeq 550,ERR3562933
Illumina NextSeq 550,ERR3562934
Illumina NextSeq 550,ERR3562935
Illumina NextSeq 550,ERR3562936
Illumina NextSeq 550,ERR3562937
Illumina NextSeq 550,ERR3562938
Illumina NextSeq 550,ERR3562939
Illumina NextSeq 550,ERR3562940
Illumina NextSeq 550,ERR3562941
Illumina NextSeq 550,ERR3562942
Illumina NextSeq 550,ERR3562943
Illumina NextSeq 550,ERR3562944
Illumina NextSeq 550,ERR3562945
Illumina NextSeq 550,ERR3562946
Illumina NextSeq 550,ERR3562947
Illumina NextSeq 550,ERR3562948
Illumina NextSeq 550,ERR3562949
Illumina NextSeq 550,ERR3562950
Illumina NextSeq 550,ERR3562951
Illumina NextSeq 550,ERR3562952
Illumina NextSeq 550,ERR3562953
Illumina NextSeq 550,ERR3562954
Illumina NextSeq 550,ERR3562955
Illumina NextSeq 550,ERR3562956
Illumina NextSeq 550,ERR3562957
Illumina NextSeq 550,ERR3562958
Illumina NextSeq 550,ERR3562959
Illumina NextSeq 550,ERR3562960
Illumina NextSeq 550,ERR3562961
Illumina NextSeq 550,ERR3562962
Illumina NextSeq 550,ERR3562963
Illumina NextSeq 550,ERR3562964
Illumina NextSeq 550,ERR3562965
Illumina NextSeq 550,ERR3562966
Illumina NextSeq 550,ERR3562967
Illumina NextSeq 550,ERR3562968
Illumina NextSeq 550,ERR3562969
Illumina NextSeq 550,ERR3562970
Illumina MiSeq,ERR3562971
Illumina MiSeq,ERR3562972
Illumina MiSeq,ERR3562973
Illumina MiSeq,ERR3562974
Illumina MiSeq,ERR3562975
Illumina MiSeq,ERR3562976
Illumina MiSeq,ERR3562977
Illumina MiSeq,ERR3562978
Illumina MiSeq,ERR3562979
Illumina MiSeq,ERR3562980
Illumina MiSeq,ERR3562981
Illumina MiSeq,ERR3562982
Illumina MiSeq,ERR3562983
Illumina MiSeq,ERR3562984
Illumina MiSeq,ERR3562985
Illumina MiSeq,ERR3562986
Illumina MiSeq,ERR3562987
Illumina MiSeq,ERR3562988
Illumina MiSeq,ERR3562989
Illumina MiSeq,ERR3562990
Illumina MiSeq,ERR3562991
Illumina MiSeq,ERR3562992
Illumina MiSeq,ERR3562993
Illumina MiSeq,ERR3562994
Illumina MiSeq,ERR3562995
Illumina MiSeq,ERR3562996
Illumina MiSeq,ERR3562997
Illumina MiSeq,ERR3562998
Illumina MiSeq,ERR3562999
Illumina MiSeq,ERR3563000
Illumina MiSeq,ERR3563001
Illumina MiSeq,ERR3563002
Illumina MiSeq,ERR3563003
Illumina MiSeq,ERR3563004
Illumina MiSeq,ERR3563005
Illumina MiSeq,ERR3563006
Illumina MiSeq,ERR3563007
Illumina MiSeq,ERR3563008
Illumina MiSeq,ERR3563009
Illumina MiSeq,ERR3563010
Illumina MiSeq,ERR3563011
Illumina MiSeq,ERR3563012
Illumina MiSeq,ERR3563013
Illumina MiSeq,ERR3563014
Illumina NextSeq 550,ERR3563015
Illumina MiSeq,ERR3563016
Illumina MiSeq,ERR3563017
Illumina NextSeq 550,ERR3563018
Illumina NextSeq 550,ERR3563019
Illumina NextSeq 550,ERR3563020
Illumina NextSeq 550,ERR3563021
Illumina NextSeq 550,ERR3563022
Illumina NextSeq 550,ERR3563023
Illumina NextSeq 550,ERR3563024
Illumina NextSeq 550,ERR3563025
Illumina NextSeq 550,ERR3563026
Illumina NextSeq 550,ERR3563027
Illumina NextSeq 550,ERR3563028
Illumina NextSeq 550,ERR3563029
Illumina NextSeq 550,ERR3563030
Illumina NextSeq 550,ERR3563031
Illumina NextSeq 550,ERR3563032
Illumina NextSeq 550,ERR3563033
Illumina NextSeq 550,ERR3563034
Illumina NextSeq 550,ERR3563035
Illumina NextSeq 550,ERR3563036
Illumina NextSeq 550,ERR3563037
Illumina NextSeq 550,ERR3563038
Illumina NextSeq 550,ERR3563039
Illumina NextSeq 550,ERR3563040
Illumina NextSeq 550,ERR3563041
Illumina NextSeq 550,ERR3563042
Illumina NextSeq 550,ERR3563043
Illumina NextSeq 550,ERR3563044
Illumina NextSeq 550,ERR3563045
Illumina NextSeq 550,ERR3563046
Illumina NextSeq 550,ERR3563047
Illumina NextSeq 550,ERR3563048
Illumina NextSeq 550,ERR3563049
Illumina NextSeq 550,ERR3563050
Illumina NextSeq 550,ERR3563051
Illumina NextSeq 550,ERR3563052
Illumina NextSeq 550,ERR3563053
Illumina NextSeq 550,ERR3563054
Illumina NextSeq 550,ERR3563055
Illumina NextSeq 550,ERR3563056
Illumina NextSeq 550,ERR3563057
Illumina NextSeq 550,ERR3563058
Illumina NextSeq 550,ERR3563059
Illumina NextSeq 550,ERR3563060
Illumina NextSeq 550,ERR3563061
Illumina NextSeq 550,ERR3563062
Illumina NextSeq 550,ERR3563063
Illumina NextSeq 550,ERR3563064
Illumina NextSeq 550,ERR3563065
Illumina NextSeq 550,ERR3563066
Illumina NextSeq 550,ERR3563067
Illumina NextSeq 550,ERR3563068
Illumina NextSeq 550,ERR3563069
Illumina NextSeq 550,ERR3563070
Illumina NextSeq 550,ERR3563071
Illumina NextSeq 550,ERR3563072
Illumina NextSeq 550,ERR3563073
Illumina NextSeq 550,ERR3563074
Illumina NextSeq 550,ERR3563075
Illumina NextSeq 550,ERR3563076
Illumina NextSeq 550,ERR3563077
Illumina NextSeq 550,ERR3563078
Illumina NextSeq 550,ERR3563079
Illumina NextSeq 550,ERR3563080
Illumina NextSeq 550,ERR3563081
Illumina NextSeq 550,ERR3563082
Illumina NextSeq 550,ERR3563083
Illumina NextSeq 550,ERR3563084
Illumina NextSeq 550,ERR3563085
Illumina NextSeq 550,ERR3563086
Illumina NextSeq 550,ERR3563087
Illumina NextSeq 550,ERR3563088
Illumina NextSeq 550,ERR3563089
Illumina NextSeq 550,ERR3563090
Illumina NextSeq 550,ERR3563091
Illumina NextSeq 550,ERR3563092
Illumina NextSeq 550,ERR3563093
Illumina NextSeq 550,ERR3563094
Illumina NextSeq 550,ERR3563095
Illumina NextSeq 550,ERR3563096
Illumina NextSeq 550,ERR3563097
Illumina NextSeq 550,ERR3563098
Illumina NextSeq 550,ERR3563099
Illumina NextSeq 550,ERR3563100
Illumina NextSeq 550,ERR3563101
Illumina NextSeq 550,ERR3563102
Illumina NextSeq 550,ERR3563103
Illumina NextSeq 550,ERR3563104
Illumina NextSeq 550,ERR3563105
Illumina NextSeq 550,ERR3563106
Illumina NextSeq 550,ERR3563107
Illumina NextSeq 550,ERR3563108
Illumina NextSeq 550,ERR3563109
Illumina NextSeq 550,ERR3563110
Illumina NextSeq 550,ERR3563111
Illumina NextSeq 550,ERR3563112
Illumina MiSeq,ERR1512991
Illumina MiSeq,ERR1512992
Illumina MiSeq,ERR1512993
Illumina MiSeq,ERR1512994
Illumina MiSeq,ERR1467141
Illumina MiSeq,ERR1512995
Illumina MiSeq,ERR1512996
Illumina MiSeq,ERR1470822
Illumina MiSeq,ERR1470823
Illumina MiSeq,ERR1470824
Illumina MiSeq,ERR1470825
Illumina MiSeq,ERR1470826
Illumina MiSeq,ERR1467142
Illumina MiSeq,ERR1467143
Illumina MiSeq,ERR1467144
Illumina MiSeq,ERR1467145
Illumina MiSeq,ERR1512997
Illumina MiSeq,ERR1470827
Illumina MiSeq,ERR1470828
Illumina MiSeq,ERR1470829
Illumina MiSeq,ERR1470830
Illumina MiSeq,ERR1512984
Illumina MiSeq,ERR1467146
Illumina MiSeq,ERR1467147
Illumina MiSeq,ERR1467148
Illumina MiSeq,ERR1467149
Illumina MiSeq,ERR1467150
Illumina MiSeq,ERR1467151
Illumina MiSeq,ERR1467152
Illumina MiSeq,ERR1467153
Illumina MiSeq,ERR1467154
Illumina MiSeq,ERR1467155
Illumina MiSeq,ERR1512985
Illumina MiSeq,ERR1512986
Illumina MiSeq,ERR1512987
Illumina MiSeq,ERR1512990
Illumina MiSeq,ERR1512988
Illumina MiSeq,ERR1512998
Illumina MiSeq,ERR1513002
Illumina MiSeq,ERR1513003
Illumina MiSeq,ERR1513004
Illumina MiSeq,ERR1513005
Illumina MiSeq,ERR1513006
Illumina MiSeq,ERR1513007
Illumina MiSeq,ERR1514427
Illumina MiSeq,ERR1514428
Illumina MiSeq,ERR1514429
Illumina MiSeq,ERR1514430