taxid	name
10242	Orthopoxvirus
10257	Parapoxvirus
10260	Avipoxvirus
10265	Capripoxvirus
10270	Leporipoxvirus
10275	Suipoxvirus
10278	Molluscipoxvirus
10282	Yatapoxvirus
10286	Betaentomopoxvirus
10294	Simplexvirus
10319	Varicellovirus
10358	Cytomegalovirus
10365	Muromegalovirus
10375	Lymphocryptovirus
10379	Rhadinovirus
10405	Orthohepadnavirus
10437	Avihepadnavirus
10473	Plasmavirus
10475	Alphafusellovirus
10487	Iridovirus
10491	Chloriridovirus
10492	Ranavirus
10494	Lymphocystivirus
10509	Mastadenovirus
10552	Aviadenovirus
10556	Rhizidiovirus
10639	Caulimovirus
10652	Badnavirus
10660	Corticovirus
10663	T4likevirus
10803	Dependoparvovirus
10806	Ambidensovirus
10812	Mastrevirus
10813	Curtovirus
10814	Begomovirus
10842	Microvirus
10852	Spiromicrovirus
10856	Bdellomicrovirus
10861	Inovirus
10875	Plectrovirus
10878	Cystovirus
10882	Orthoreovirus
10892	Orbivirus
10911	Coltivirus
10912	Rotavirus
10979	Aquareovirus
10981	Cypovirus
10985	Phytoreovirus
10988	Fijivirus
10992	Oryzavirus
11007	Totivirus
11011	Giardiavirus
11014	Chrysovirus
11019	Alphavirus
11040	Rubivirus
11051	Flavivirus
11095	Pestivirus
11102	Hepacivirus
11155	Torovirus
11229	Morbillivirus
11245	Pneumovirus
11271	Vesiculovirus
11286	Lyssavirus
11305	Cytorhabdovirus
11306	Nucleorhabdovirus
11572	Bunyavirus
11584	Phlebovirus
11618	Arenavirus
11640	Spumavirus
11646	Lentivirus
11985	Carmovirus
12036	Luteovirus
12050	Waikavirus
12051	Marafivirus
12057	Sequivirus
12059	Enterovirus
12091	Hepatovirus
12103	Cardiovirus
12109	Aphthovirus
12137	Sobemovirus
12141	Tombusvirus
12148	Tymovirus
12160	Closterovirus
12163	Carlavirus
12174	Capillovirus
12176	Potexvirus
12195	Potyvirus
12234	Tobamovirus
12258	Comovirus
12266	Dianthovirus
12269	Fabavirus
12270	Nepovirus
12289	Enamovirus
12291	Furovirus
12293	Tobravirus
12300	Bromovirus
12304	Cucumovirus
12316	Ilarvirus
12320	Alfamovirus
12326	Hordeivirus
12329	Tenuivirus
32613	Ephemerovirus
35323	Thogotovirus
39725	Circovirus
39730	Rymovirus
39731	Bymovirus
39734	Umbravirus
39739	Machlomovirus
39742	Barnavirus
39743	Asfivirus
39744	Rubulavirus
39749	Hypovirus
39750	Aquabirnavirus
39751	Avibirnavirus
39752	Entomobirnavirus
39755	Leishmaniavirus
39759	Deltavirus
39760	Idaeovirus
40121	Erythroparvovirus
40122	Iteradensovirus
40272	Roseolovirus
40274	Chlamydiamicrovirus
40276	Trichovirus
43680	Ascovirus
62098	Alphaentomopoxvirus
67753	Crinivirus
85650	Betatetravirus
85651	Omegatetravirus
88129	Ophiovirus
95337	Vesivirus
95339	Lagovirus
95341	Sapovirus
100953	Atadenovirus
104394	Picobirnavirus
104766	Nanovirus
110456	Podovirus
118139	Teschovirus
119164	Betaluteovirus
119492	Pecluvirus
129725	Foveavirus
129876	Siadenovirus
136466	Brevidensovirus
137757	Ipomovirus
138954	Parechovirus
140052	Betaretrovirus
140295	Varicosavirus
140410	P2likevirus
140568	Allexivirus
142786	Norovirus
143901	Benyvirus
143919	Betanodavirus
143920	Alphanodavirus
144051	Cripavirus
146761	Avenavirus
153057	Alpharetrovirus
153135	Gammaretrovirus
153136	Deltaretrovirus
153137	Epsilonretrovirus
154322	Oleavirus
156207	Tritimovirus
156208	Macluravirus
162387	Metapneumovirus
169682	Myohalovirus
172653	Ictalurivirus
180252	Mardivirus
180255	Iltovirus
181083	Chlorovirus
181084	Prasinovirus
181085	Phaeovirus
181086	Prymnesiovirus
184751	Vitivirus
186457	Aureusvirus
186458	Bornavirus
186532	C2likevirus
186533	Cavemovirus
186536	Ebolavirus
186537	Marburgvirus
186666	Errantivirus
186667	Metavirus
186672	Pseudovirus
186677	Hepevirus
186764	Fromanvirus
186765	Lambdalikevirus
186767	Narnavirus
186768	Mitovirus
186777	Mulikevirus
186778	Novirhabdovirus
186783	Ourmiavirus
186789	P1virus
186794	Lederbergvirus
186844	Panicovirus
186845	Petuvirus
186846	Phi29likevirus
186886	Pomovirus
186914	Psimunalikevirus
186938	Respirovirus
187212	Tungrovirus
187213	Rudivirus
187214	Soymovirus
187215	Alphaguttavirus
187217	T1virus
187218	T5likevirus
194960	Kobuvirus
194961	Erbovirus
197911	Alphainfluenzavirus
197912	Betainfluenzavirus
197913	Gammainfluenzavirus
199703	Okavirus
208294	Seadornavirus
215920	Sadwavirus
217160	Ampelovirus
220339	Topocuvirus
227307	Gyrovirus
232799	Iflavirus
249185	Maculavirus
249585	Whispovirus
249588	Mamastrovirus
249589	Avastrovirus
251096	Babuvirus
260963	Avulavirus
260964	Henipavirus
308906	Megalocytivirus
308911	N15likevirus
308912	Lomovskayavirus
310684	Cheravirus
310911	Amdoparvovirus
311225	Idnoreovirus
311227	Mycoreovirus
315393	Mimivirus
324902	Marnavirus
324913	Isavirus
325454	Deltapapillomavirus
325455	Gammapapillomavirus
325456	Iotapapillomavirus
325457	Kappapapillomavirus
325458	Etapapillomavirus
325459	Epsilonpapillomavirus
325461	Omikronpapillomavirus
325462	Lambdapapillomavirus
333750	Alphapapillomavirus
333918	Zetapapillomavirus
333921	Xipapillomavirus
333922	Betapapillomavirus
334202	Mupapillomavirus
334211	Pipapillomavirus
334213	Thetapapillomavirus
341939	Alphalipothrixvirus
341940	Betalipothrixvirus
341941	Gammalipothrixvirus
346673	Coccolithovirus
352476	Salterprovirus
371730	Enquatrovirus
413970	Anulavirus
475861	Nupapillomavirus
477967	Phikmvlikevirus
542837	Sp6likevirus
542959	Bpp1virus
542960	Epsilon15likevirus
545932	Bruynoghevirus
548686	Ostreavirus
548687	Macavirus
548688	Percavirus
548689	Proboscivirus
558016	Alphabaculovirus
558017	Betabaculovirus
558018	Gammabaculovirus
558019	Deltabaculovirus
564643	Blosnavirus
564645	Globulovirus
564646	Deltalipothrixvirus
573012	Raphidovirus
573054	Ampullavirus
573055	Cervidpoxvirus
586418	Cosavirus
586425	Senecavirus
645516	Polemovirus
674952	Trichomonasvirus
674962	Bacillariornavirus
674970	Labyrnavirus
674976	Dinornavirus
674979	Bacilladnavirus
674981	Victorivirus
675059	Cryspovirus
675062	Mycoflexivirus
675065	Botrexvirus
675066	Sclerodarnavirus
675070	Cilevirus
675073	Torradovirus
675076	Lolavirus
675844	Brambyvirus
675845	Emaravirus
680114	Bixzunavirus
680115	Phikzlikevirus
680116	Spbetalikevirus
680194	Bicaudavirus
680277	Kuravirus
680287	Ahjdlikevirus
686982	Sapelovirus
687331	Alphatorquevirus
687332	Betatorquevirus
687333	Gammatorquevirus
687334	Deltatorquevirus
687335	Epsilontorquevirus
687336	Zetatorquevirus
687337	Etatorquevirus
687338	Thetatorquevirus
687339	Iotatorquevirus
688449	Klassevirus
689759	Tremovirus
691955	Avihepatovirus
691957	Ichtadenovirus
692605	Batrachovirus
692606	Cyprinivirus
692607	Salmonivirus
693996	Alphacoronavirus
694002	Betacoronavirus
694013	Coronavirus
694018	Bafinivirus
696855	Nebovirus
699166	Citrivirus
699180	Dinovernavirus
699181	Cardoreovirus
699182	Mimoreovirus
742914	Cyclovirus
873551	Recovirus
934799	Taupapillomavirus
934800	Chipapillomavirus
934802	Phipapillomavirus
934803	Dyozetapapillomavirus
934804	Dyoiotapapillomavirus
935635	Sigmapapillomavirus
935641	Dyoetapapillomavirus
935646	Dyoepsilonpapillomavirus
935650	Psipapillomavirus
936056	Dyodeltapapillomavirus
936057	Rhopapillomavirus
936058	Upsilonpapillomavirus
936061	Omegapapillomavirus
993034	Mavirus
1052159	Dyothetapapillomavirus
1159901	Deltacoronavirus
1196844	Hp1likevirus
1198137	Schizot4likevirus
1198139	Bcepmulikevirus
1198140	FelixO1likevirus
1198976	Hap1likevirus
1198980	PB1likevirus
1213379	Aparavirus
1218487	Kappatorquevirus
1218489	Lambdatorquevirus
1230390	Poacevirus
1232637	Scutavirus
1232640	Solendovirus
1232647	Dinodnavirus
1232658	Aquaparamyxovirus
1232738	Clavavirus
1232754	Tepovirus
1283209	Alphacarmotetravirus
1283211	Alphapermutotetravirus
1283308	Ferlavirus
1285588	Bidensovirus
1285591	Glossinavirus
1285593	Muscavirus
1285597	Megabirnavirus
1285599	Crocodylidpoxvirus
1298630	Becurtovirus
1298631	Turncurtovirus
1298632	Eragrovirus
1298634	Betaguttavirus
1298653	Perhabdovirus
1299297	Quadrivirus
1299306	Tibrovirus
1299307	Betafusellovirus
1299308	Quaranjavirus
1299309	Alphanecrovirus
1299310	Macanavirus
1299311	Betanecrovirus
1299312	Gallantivirus
1299313	Zeavirus
1299429	Yualikevirus
1307798	Negevirus
1307799	Pegivirus
1308858	Sigmavirus
1312873	Alphamesonivirus
1330065	Aquamavirus
1330067	Dicipivirus
1330069	Megrivirus
1431456	Hunnivirus
1481451	Mosavirus
1506574	Parvovirus
1506581	Crohivirus
1507401	Bocaparvovirus
1511083	Deltainfluenzavirus
1511771	Avisivirus
1511775	Gallivirus
1511778	Mischivirus
1511780	Oscivirus
1511782	Pasivirus
1511802	Orthoturdivirus
1511804	Rosavirus
1511808	Alphacryptovirus
1511809	Betacryptovirus
1511810	Alphacryptovirus
1511811	Gammapartitivirus
1511853	Alphanudivirus
1511854	Betanudivirus
1511856	Alphaspiravirus
1511859	Alphaturrivirus
1511861	Amalgavirus
1511864	Aveparvovirus
1511888	Copiparvovirus
1511911	Tetraparvovirus
1513201	Hepandensovirus
1513223	Penstyldensovirus
1513230	Aurivirus
1513234	Cafeteriavirus
1513236	Cuevavirus
1513238	Dyokappapapillomavirus
1513239	Dyolambdapapillomavirus
1513240	Dyomupapillomavirus
1513241	Dyonupapillomavirus
1513242	Dyoomikronpapillomavirus
1513243	Dyopipapillomavirus
1513244	Dyorhopapillomavirus
1513245	Dyosigmapapillomavirus
1513246	Dyoxipapillomavirus
1513277	Higrevirus
1513295	Nyavirus
1513299	Sprivivirus
1513300	Tupavirus
1513308	Velarivirus
1513458	Marseillevirus
1542744	Gemycircularvirus
1623273	3alikevirus
1623274	77likevirus
1623275	Andromedalikevirus
1623276	Barnyardlikevirus
1623277	Bignuzlikevirus
1623278	Bronlikevirus
1623280	Charlielikevirus
1623281	Che8likevirus
1623282	Che9clikevirus
1623283	Chilikevirus
1623284	Cjw1virus
1623285	Corndoglikevirus
1623286	Casadabanvirus
1623287	D3likevirus
1623288	Halolikevirus
1623289	Dhillonvirus
1623290	Cecivirus
1623292	Omegalikevirus
1623293	Oshimavirus
1623295	Pegunavirus
1623297	E125virus
1623298	Phietalikevirus
1623299	Phifelvirus
1623300	Coetzeevirus
1623301	Reylikevirus
1623302	Sap6likevirus
1623303	Brussowvirus
1623304	Moineauvirus
1623305	Sk1virus
1623306	Timquatrovirus
1623307	Lwoffvirus
1623308	Wbetalikevirus
1623309	Xipdecavirus
1636617	Cp220likevirus
1636618	Cp8unalikevirus
1653394	Mammarenavirus
1653395	Reptarenavirus
1659770	Sakobuvirus
1678141	Orthohepevirus
1678142	Piscihepevirus
1714268	Alphasphaerolipovirus
1714269	Betasphaerolipovirus
1714270	Gammasphaerolipovirus
1720323	Bcep22likevirus
1720324	F116likevirus
1748295	Rosadnavirus
1755587	Sicinivirus
1755589	Kunsagivirus
1805626	Pithovirus
1857843	Kayvirus
1857844	P100virus
1857845	Okubovirus
1857846	Twortlikevirus
1857889	Silviavirus
1868215	Orthopneumovirus
1883068	Sclerotimonavirus
1884454	Socyvirus
1884455	Anphevirus
1884456	Arlivirus
1884457	Chengtivirus
1884458	Crustavirus
1884459	Wastrivirus
1885570	Chapparvovirus
1891713	Alphapolyomavirus
1891714	Betapolyomavirus
1891715	Deltapolyomavirus
1891716	Gammapolyomavirus
1892581	Ralernavirus
1910931	Agatevirus
1910951	Alpha3microvirus
1910952	G4microvirus
1910954	Phix174microvirus
1910991	Jerseylikevirus
1910992	K1gvirus
1910993	Cornellvirus
1911599	Alphacarmovirus
1911600	Betacarmovirus
1911601	Gammacarmovirus
1911602	Pelarspovirus
1911604	Alphapleolipovirus
1911605	Betapleolipovirus
1911606	Gammapleolipovirus
1911929	Bc431virus
1912143	Biquartavirus
1912144	Cd119virus
1912760	C5likevirus
1913605	Dichorhavirus
1913650	Cc31virus
1913651	Krischvirus
1913652	Mosigvirus
1913653	Gelderlandvirus
1913654	Gaprivervirus
1914165	Dhakavirus
1914293	Divavirus
1914295	Prunevirus
1914296	Chordovirus
1914299	Robigovirus
1914566	Limnipivirus
1914567	Potamipivirus
1914850	Certrevirus
1914851	Se1virus
1914852	V5virus
1915204	Albetovirus
1915205	Ap22virus
1917979	Aumaivirus
1917990	B4virus
1918010	Bastillevirus
1918013	Botybirnavirus
1918017	Cba181virus
1918522	Cba41virus
1918718	Cbastvirus
1918721	Cp51virus
1918725	Cvm10virus
1918728	Dyochipapillomavirus
1918730	Dyoomegapapillomavirus
1920492	Dyophipapillomavirus
1920494	Dyopsipapillomavirus
1920750	Ff47virus
1920753	G7cvirus
1920762	Lit1virus
1920771	Goravirus
1920774	Drulisvirus
1920860	Kp36virus
1920864	Rtpvirus
1920865	Tlsvirus
1920866	Rogue1virus
1921016	Nit1virus
1921117	Nonagvirus
1921122	Nonanavirus
1921125	Homburgvirus
1921184	Pagevirus
1921407	Pakpunavirus
1921431	Papanivirus
1921433	Platypuvirus
1921434	Psavirus
1921525	Kleczkowskavirus
1921544	Septima3virus
1921553	Seuratvirus
1921556	Sinaivirus
1921696	Mardecavirus
1921703	Sunshinevirus
1921704	Tegunavirus
1921707	Toursvirus
1921709	Slashvirus
1921772	Treisdeltapapillomavirus
1921776	Treisepsilonpapillomavirus
1921823	Treisetapapillomavirus
1922207	Treiszetapapillomavirus
1922209	Triatovirus
1922210	Vhmlvirus
1922241	Macronovirus
1922243	Sextaecvirus
1922327	Wphvirus
1922329	Enhodamvirus
1925779	Kpp10virus
1925802	Virtovirus
1932909	Dyotaupapillomavirus
1932911	Dyoupsilonpapillomavirus
1932924	Sputnikvirus
1941236	Gemykibivirus
1941238	Gemykolovirus
1972611	Hapavirus
1972682	Almendravirus
1977139	Fibrovirus
1977141	Habenivirus
1977142	Lineavirus
1977143	Saetivirus
1977144	Vespertiliovirus
1977632	Indivirus
1977635	Catovirus
1977636	Hokovirus
1977639	Klosneuvirus
1978532	Ledantevirus
1980420	Goukovirus
1980421	Phasivirus
1980442	Hantavirus
1980517	Nairovirus
1980533	Herbevirus
1980538	Orthophasmavirus
1980921	Mieseafarmvirus
1980922	Chiangmaivirus
1980928	Sep1virus
1980929	Seoulvirus
1980936	Marthavirus
1980937	Emdodecavirus
1980938	Msw3virus
1981157	Nona33virus
1981158	Diegovirus
1981159	Oslovirus
1982076	Korravirus
1982086	Laroyevirus
1982088	Mudcatvirus
1982091	Marvinvirus
1982095	Ab18virus
1982099	Amigovirus
1982101	Bernal13virus
1982104	Decurrovirus
1982106	Demosthenesvirus
1982111	Eiauvirus
1982113	Gaiavirus
1982150	Gilesvirus
1982152	Gordonvirus
1982218	Gordtnkvirus
1982220	Harrisonvirus
1982222	Jenstvirus
1982227	Jwxvirus
1982236	Kelleziovirus
1982239	Nipunavirus
1982244	Inhavirus
1982251	Pa6virus
1982355	Pamexvirus
1982359	Patiencevirus
1982367	Pepy6virus
1982370	Pis4avirus
1982372	Rdjlvirus
1982375	Rer2virus
1982554	Papyrusvirus
1982557	Smoothievirus
1982562	Soupsvirus
1982566	Tankvirus
1982569	Tin2virus
1982573	Titanvirus
1982576	Ea92virus
1982583	Cepunavirus
1982590	Kochitakasuvirus
1982594	Luz7virus
1982745	Woodruffvirus
1982748	Woesvirus
1982879	Camvirus
1982880	Likavirus
1982881	Arequatrovirus
1982897	Acadianvirus
1982898	Coopervirus
1982899	Pipefishvirus
1982900	Rosebushvirus
1983734	Fishburnevirus
1983735	Phayoncevirus
1983744	Bongovirus
1984773	Abouovirus
1984776	Agrican357virus
1984786	Elvirus
1984788	Jimmervirus
1984798	Perisivirus
1985181	Tsarbombavirus
1985292	Suspvirus
1985293	Ea214virus
1985303	Mooglevirus
1985325	Jd18virus
1985328	Kp15virus
1985329	Moonvirus
1985365	Gemyduguivirus
1985366	Gemygorvirus
1985367	Gemykrogvirus
1985368	Gemykroznavirus
1985369	Gemytondvirus
1985370	Gemyvongvirus
1985687	Curiovirus
1985692	Sripuvirus
1985709	Peropuvirus
1985711	Fri1virus
1985720	Kp32virus
1985733	Pradovirus
1986961	Ampivirus
1987146	Schmidvirus
1993858	Wildcatvirus
2003390	Harkavirus
2003394	Alphaendornavirus
2003395	Betaendornavirus
2003399	Dipartevirus
2003400	Equartevirus
2003401	Nesartevirus
2003403	Simartevirus
2005059	Cronusvirus
2005509	Centapoxvirus
2022640	Invictavirus
2022641	Nyfulvavirus
2022739	Alphatristromavirus
2022856	Blunervirus
2022857	Capulavirus
2025077	Rabovirus
2025078	Torchivirus
2034995	Grablovirus
2034997	Tilapinevirus
2034998	Vegasvirus
2049885	Vendettavirus
2060084	Pandoravirus
2094720	Tupanvirus
2136036	Carbovirus
2169532	Ag3virus
2169534	Limestonevirus
2169536	Cba120virus
2169569	Deltaflexivirus
2169575	Bovismacovirus
2169607	Hartmanivirus
2169608	Diatodnavirus
2169609	Kieseladnavirus
2169610	Protobacilladnavirus
2169611	Brujitavirus
2169612	Hawkeyevirus
2169613	Pbi1virus
2169614	Treisiotapapillomavirus
2169615	Treiskappapapillomavirus
2169616	Treisthetapapillomavirus
2169621	Limdunavirus
2169622	Una4virus
2169623	Eah2virus
2169624	Machinavirus
2169625	Svunavirus
2169635	Baxtervirus
2169636	Nymphadoravirus
2169637	Aalivirus
2169638	Bopivirus
2169639	Orivirus
2169640	Shanbavirus
2169641	Baltimorevirus
2169642	Jwalphavirus
2169643	Ithacavirus
2169644	Chipolycivirus
2169645	Hupolycivirus
2169646	Sopolycivirus
2169647	Alphaportoglobovirus
2169648	Bevemovirus
2169649	Roymovirus
2169650	Alefpapillomavirus
2169651	Anatolevirus
2169652	Attisvirus
2169653	Doucettevirus
2169654	Hendrixvirus
2169655	Pfr1virus
2169656	Saundersvirus
2169657	Trigintaduovirus
2169658	Wizardvirus
2169659	Cosmacovirus
2169660	Dragsmacovirus
2169661	Drosmacovirus
2169662	Huchismacovirus
2169663	Porprismacovirus
2169664	Bovispumavirus
2169665	Equispumavirus
2169666	Felispumavirus
2169667	Prosimiispumavirus
2169668	Simiispumavirus
2169669	Alphatectivirus
2169670	Betatectivirus
2219049	Husavirus
2219050	Fisavirus
2219051	Fesavirus
2219055	Posavirus
2499609	Muarterivirus
2499610	Alphaarterivirus
2499611	Lambdaarterivirus
2499612	Deltaarterivirus
2499613	Epsilonarterivirus
2499614	Etaarterivirus
2499615	Iotaarterivirus
2499616	Thetaarterivirus
2499617	Zetaarterivirus
2499674	Betaarterivirus
2499675	Gammaarterivirus
2499676	Kappaarterivirus
2501366	Loanvirus
2501367	Mobatvirus
2501368	Thottimvirus
2501412	Culannivirus
2501970	Shaspivirus
2501971	Striwavirus
2501972	Berhavirus
2501973	Orinovirus
2501974	Tapwovirus
2501975	Pidchovirus
2501976	Horwuvirus
2501977	Hudivirus
2501978	Hudovirus
2501979	Mobuvirus
2501981	Beidivirus
2501994	Shangavirus
2501995	Feravirus
2501996	Inshuvirus
2501997	Jonvirus
2501998	Wuhivirus
2507289	Turrinivirus
2507291	Mivirus
2507497	Yingvirus
2508211	Oncotshavirus
2508220	Bolenivirus
2508224	Alphamononivirus
2508230	Charybnivirus
2508231	Paguronivirus
2508241	Bostovirus
2508243	Infratovirus
2508244	Pregotovirus
2508245	Sectovirus
2508253	Yuyuevirus
2508256	Lincruvirus
2508258	Hubavirus
2509283	Wubeivirus
2509285	Wumivirus
2560082	Actinovirus
2560083	Agnathovirus
2560084	Ahduovirus
2560085	Ailurivirus
2560086	Alcyoneusvirus
2560087	Alphachrysovirus
2560088	Alphanemrhavirus
2560089	Alphaovalivirus
2560090	Anativirus
2560091	Antennavirus
2560092	Aphroditevirus
2560093	Aqualcavirus
2560094	Asteriusvirus
2560095	Avunavirus
2560096	Bantamvirus
2560097	Bavovirus
2560098	Beetrevirus
2560099	Bendigovirus
2560100	Betachrysovirus
2560101	Betterkatzvirus
2560102	Bifseptvirus
2560103	Bingvirus
2560104	Bjornvirus
2560105	Botoulivirus
2560106	Bowservirus
2560107	Britbratvirus
2560108	Brunovirus
2560109	Busanvirus
2560110	Caligrhavirus
2560111	Ceetrepovirus
2560112	Cetovirus
2560113	Chakrabartyvirus
2560115	Chunghsingvirus
2560116	Cimpunavirus
2560117	Cinunavirus
2560118	Coguvirus
2560119	Cultervirus
2560120	Decapodiridovirus
2560121	Delepquintavirus
2560122	Dismasvirus
2560123	Eclunavirus
2560124	Efquatrovirus
2560125	Eisenstarkvirus
2560126	Elerivirus
2560127	Emalynvirus
2560128	Eneladusvirus
2560129	Eyrevirus
2560130	Farahnazvirus
2560131	Ficleduovirus
2560132	Fipvunavirus
2560133	Flaumdravirus
2560134	Galaxyvirus
2560135	Galunavirus
2560136	Gammatectivirus
2560137	Gamtrevirus
2560138	Gesputvirus
2560139	Getseptimavirus
2560140	Ghobesvirus
2560141	Gofduovirus
2560142	Gorganvirus
2560143	Gorjumvirus
2560144	Gustavvirus
2560145	Hanrivervirus
2560146	Hedwigvirus
2560147	Holosalinivirus
2560148	Iapetusvirus
2560149	Ikedavirus
2560150	Ilzatvirus
2560151	Iodovirus
2560152	Ionavirus
2560153	Jasminevirus
2560154	Jedunavirus
2560155	Jeilongvirus
2560156	Jesfedecavirus
2560157	Kabutovirus
2560158	Kairosalinivirus
2560159	Klementvirus
2560160	Kochikohdavirus
2560161	Kojivirus
2560162	Krylovvirus
2560163	Kryptosalinivirus
2560164	Kusarnavirus
2560165	Lacusarxvirus
2560166	Laulavirus
2560167	Lilyvirus
2560168	Livupivirus
2560169	Locarnavirus
2560170	Lokivirus
2560171	Magadivirus
2560172	Magoulivirus
2560173	Malagasivirus
2560174	Metaavulavirus
2560175	Metrivirus
2560176	Mimasvirus
2560177	Minovirus
2560178	Minunavirus
2560179	Mutorquevirus
2560180	Myunavirus
2560181	Myxoctovirus
2560182	Nacovirus
2560183	Nanhaivirus
2560184	Napahaivirus
2560185	Narmovirus
2560186	Nazgulvirus
2560187	Negarvirus
2560188	Nickievirus
2560189	Novosibvirus
2560190	Noxifervirus
2560191	Nutorquevirus
2560192	Nyceiraevirus
2560193	Orchidvirus
2560194	Orthoavulavirus
2560195	Orthorubulavirus
2560196	Orthotospovirus
2560197	Otagovirus
2560198	Pacuvirus
2560199	Paraavulavirus
2560200	Pararubulavirus
2560201	Peatvirus
2560202	Phimunavirus
2560203	Pikminvirus
2560204	Plaisancevirus
2560205	Poecivirus
2560206	Pollyceevirus
2560207	Polybotosvirus
2560208	Popoffvirus
2560209	Poushouvirus
2560210	Priunavirus
2560211	Rafivirus
2560212	Reptillovirus
2560213	Rigallicvirus
2560214	Rimavirus
2560215	Ripduovirus
2560216	Risingsunvirus
2560217	Salemvirus
2560218	Salisharnavirus
2560219	Salovirus
2560220	Samistivirus
2560221	Samunavirus
2560222	Sanovirus
2560223	Sasvirus
2560224	Sawastrivirus
2560225	Scapunavirus
2560226	Scleroulivirus
2560227	Sertoctavirus
2560228	Shalavirus
2560229	Shilevirus
2560230	Sogarnavirus
2560231	Sourvirus
2560232	Striavirus
2560233	Sugarlandvirus
2560234	Synodonvirus
2560235	Tabernariusvirus
2560236	Thamnovirus
2560237	Thornevirus
2560238	Tidunavirus
2560239	Tijeunavirus
2560240	Tortellinivirus
2560241	Tottorivirus
2560242	Trinavirus
2560244	Secunda5virus
2560245	Unahavirus
2560247	Vhulanivirus
2560248	Vicosavirus
2560249	Vidquintavirus
2560250	Vieuvirus
2560251	Vividuovirus
2560252	Wamavirus
2560253	Weaselvirus
2560254	Wenrivirus
2560255	Wilnyevirus
2560256	Winklervirus
2560257	Yvonnevirus
2560258	Zybavirus
2731207	Fairfaxidumvirus
2731621	Taipeivirus
2731671	Pettyvirus
2731672	Daemvirus
2731673	Gutovirus
2731674	Kaohsiungvirus
2731675	Murciavirus
2731676	Trungvirus
2731677	Uliginvirus
2731926	Aegirvirus
2731927	Ashivirus
2731928	Atuphduovirus
2731929	Ayakvirus
2731930	Ayaqvirus
2731931	Banchanvirus
2731932	Bonnellvirus
2731933	Cheungvirus
2731934	Chosvirus
2731935	Cuernavacavirus
2731936	Cyclitvirus
2731937	Ermolevavirus
2731938	Foturvirus
2731939	Foussvirus
2731940	Fussvirus
2731941	Gajwadongvirus
2731942	Gyeongsanvirus
2731943	Igirivirus
2731944	Jalkavirus
2731945	Jiaoyazivirus
2731946	Kafavirus
2731947	Kajamvirus
2731948	Kakivirus
2731949	Kalppathivirus
2731950	Kelmasvirus
2731951	Kembevirus
2731952	Krakvirus
2731953	Lauvirus
2731954	Limelightvirus
2731955	Lingvirus
2731956	Lirvirus
2731957	Lullwatervirus
2731958	Maculvirus
2731959	Nohivirus
2731960	Oinezvirus
2731961	Paadamvirus
2731962	Pagavirus
2731963	Pairvirus
2731964	Pedosvirus
2731965	Pekhitvirus
2731966	Pelagivirus
2731967	Percyvirus
2731968	Piedvirus
2731969	Podivirus
2731970	Poseidonvirus
2731971	Powvirus
2731972	Qadamvirus
2731973	Scottvirus
2731974	Sednavirus
2731975	Serkorvirus
2731976	Sieqvirus
2731977	Stompelvirus
2731978	Stopalavirus
2731979	Stopavirus
2731980	Stupnyavirus
2731981	Tangaroavirus
2731982	Tawavirus
2731983	Tiamatvirus
2731984	Tiilvirus
2731985	Tritonvirus
2731986	Voetvirus
2731987	Votkovvirus
2731988	Waewaevirus
2731989	Wuhanvirus
2732016	Vipunavirus
2732017	Epseptimavirus
2732018	Haartmanvirus
2732037	Pogseptimavirus
2732038	Shenzhenvirus
2732049	Nouzillyvirus
2732050	Sauletekiovirus
2732051	Vilniusvirus
2732061	Christensenvirus
2732062	Guelphvirus
2732063	Loudonvirus
2732064	Eastlansingvirus
2732065	Lindendrivevirus
2732066	Wilsonroadvirus
2732068	Warwickvirus
2732086	Badaguanvirus
2732099	Suturavirus
2732589	Andhravirus
2732653	Torbevirus
2732675	Aarhusvirus
2732676	Apdecimavirus
2732677	Berlinvirus
2732678	Caroctavirus
2732679	Chatterjeevirus
2732680	Eapunavirus
2732681	Elunavirus
2732682	Foetvirus
2732683	Ghunavirus
2732684	Helsettvirus
2732685	Jarilovirus
2732686	Kayfunavirus
2732687	Minipunavirus
2732688	Ningirsuvirus
2732689	Pektosvirus
2732690	Phutvirus
2732691	Pifdecavirus
2732692	Pijolavirus
2732693	Teetrevirus
2732694	Troedvirus
2732695	Unyawovirus
2732869	Affertcholeramvirus
2732870	Bifilivirus
2732871	Capistrivirus
2732872	Coriovirus
2732873	Infulavirus
2732874	Parhipatevirus
2732875	Primolicivirus
2732876	Psecadovirus
2732877	Restivirus
2732878	Scuticavirus
2732879	Staminivirus
2732880	Subteminivirus
2732881	Tertilicivirus
2732882	Thomixvirus
2732883	Versovirus
2732884	Vicialiavirus
2732885	Villovirus
2732886	Xylivirus
2732909	Tunggulvirus
2732910	Aerosvirus
2732911	Aghbyvirus
2732912	Ahphunavirus
2732913	Cronosvirus
2732914	Panjvirus
2732915	Pienvirus
2732916	Pokrovskaiavirus
2732917	Wanjuvirus
2732918	Acadevirus
2732920	Kantovirus
2732921	Kotilavirus
2732922	Stompvirus
2732923	Kirikabuvirus
2732924	Stubburvirus
2732925	Axomammavirus
2732926	Eracentumvirus
2732927	Tuodvirus
2732928	Vectrevirus
2732929	Ampunavirus
2732930	Higashivirus
2732931	Mguuvirus
2732932	Risjevirus
2732933	Sukuvirus
2732937	Bucovirus
2732938	Koutsourovirus
2732939	Novosibovirus
2732960	Carltongylesvirus
2732961	Faunusvirus
2732962	Loessnervirus
2732963	Pahsextavirus
2732964	Suwonvirus
2732965	Yushanvirus
2732966	Hongcheonvirus
2732968	Schiekvirus
2732969	Baoshanvirus
2732970	Harbinvirus
2732971	Sciuriunavirus
2732972	Aresaunavirus
2732973	Baylorvirus
2732974	Bielevirus
2732975	Canoevirus
2732976	Catalunyavirus
2732977	Citexvirus
2732978	Eganvirus
2732979	Entnonagintavirus
2732980	Felsduovirus
2732981	Irtavirus
2732982	Kisquattuordecimvirus
2732983	Kisquinquevirus
2732984	Longwoodvirus
2732985	Nampongvirus
2732986	Phitrevirus
2732987	Playavirus
2732988	Reginaelenavirus
2732989	Senquatrovirus
2732990	Seongnamvirus
2733081	Simpcentumvirus
2733082	Stockinghallvirus
2733083	Tigrvirus
2733084	Vulnificusvirus
2733085	Xuanwuvirus
2733086	Acionnavirus
2733087	Ahtivirus
2733088	Alexandravirus
2733089	Anamdongvirus
2733090	Anaposvirus
2733091	Aokuangvirus
2733092	Atlauavirus
2733093	Aurunvirus
2733094	Baikalvirus
2733095	Barbavirus
2733096	Bellamyvirus
2733097	Brigitvirus
2733098	Brizovirus
2733099	Carpasinavirus
2733100	Charybdisvirus
2733101	Cymopoleiavirus
2733102	Derbicusvirus
2733103	Eponavirus
2733104	Eurybiavirus
2733105	Goslarvirus
2733106	Heilongjiangvirus
2733107	Kanaloavirus
2733108	Lagaffevirus
2733109	Leucotheavirus
2733110	Libanvirus
2733111	Llyrvirus
2733112	Loughboroughvirus
2733113	Mazuvirus
2733114	Mushuvirus
2733115	Bcep781likevirus
2733116	Namakavirus
2733117	Neptunevirus
2733118	Nereusvirus
2733119	Nerrivikvirus
2733120	Nodensvirus
2733121	Palaemonvirus
2733122	Petsuvirus
2733123	Phabquatrovirus
2733124	Phapecoctavirus
2733125	Pontusvirus
2733126	Qingdaovirus
2733127	Rosemountvirus
2733128	Saclayvirus
2733129	Salacisavirus
2733130	Salmondvirus
2733131	Sasquatchvirus
2733132	Schmittlotzvirus
2733133	Tamkungvirus
2733134	Taranisvirus
2733135	Tefnutvirus
2733136	Thaumasvirus
2733137	Thetisvirus
2733138	Toutatisvirus
2733139	Vellamovirus
2733140	Wellingtonvirus
2733141	Wifcevirus
2733142	Yoloswagvirus
2733143	Fischettivirus
2733145	Kelquatrovirus
2733146	Mukerjeevirus
2733147	Ryyoungvirus
2733148	Shizishanvirus
2733149	Skarprettervirus
2733150	Sortsnevirus
2733151	Xuquatrovirus
2733152	Bertelyvirus
2733153	Colossusvirus
2733154	Poindextervirus
2733155	Phicbklikevirus
2733156	Getalongvirus
2733157	Horusvirus
2733158	Phistoryvirus
2733159	Douglaswolinvirus
2733160	Lenusvirus
2733161	Lidleunavirus
2733162	Maenadvirus
2733163	Abbeymikolonvirus
2733164	Andrewvirus
2733165	Appavirus
2733166	Apricotvirus
2733167	Armstrongvirus
2733168	Attoomivirus
2733169	Austintatiousvirus
2733170	Bridgettevirus
2733171	Coralvirus
2733172	Daredevilvirus
2733173	Edenvirus
2733174	Feofaniavirus
2733175	Fibralongavirus
2733176	Franklinbayvirus
2733177	Gillianvirus
2733178	Godonkavirus
2733179	Goodmanvirus
2733180	Hiyaavirus
2733181	Jacevirus
2733182	Juiceboxvirus
2733183	Kilunavirus
2733184	Krampusvirus
2733185	Lanavirus
2733186	Lentavirus
2733187	Liebevirus
2733188	Luckybarnesvirus
2733189	Luckytenvirus
2733190	Lughvirus
2733191	Majavirus
2733192	Manhattanvirus
2733193	Maxrubnervirus
2733194	Mementomorivirus
2733195	Metamorphoovirus
2733196	Montyvirus
2733197	Murrayvirus
2733198	Neferthenavirus
2733199	Oengusvirus
2733200	Oneupvirus
2733201	Picardvirus
2733202	Quhwahvirus
2733203	Raleighvirus
2733204	Rogerhendrixvirus
2733205	Ronaldovirus
2733206	Rowavirus
2733207	Ruthyvirus
2733208	Samwavirus
2733209	Sansavirus
2733210	Sashavirus
2733211	Schnabeltiervirus
2733212	Schubertvirus
2733213	Seussvirus
2733214	Sonalivirus
2733215	Squashvirus
2733216	Terapinvirus
2733217	Tigunavirus
2733218	Trinevirus
2733219	Vashvirus
2733220	Vojvodinavirus
2733221	Yangvirus
2733222	Zetavirus
2733223	Aquambidensovirus
2733224	Blattambidensovirus
2733225	Hemiambidensovirus
2733226	Miniambidensovirus
2733227	Pefuambidensovirus
2733228	Protoambidensovirus
2733229	Scindoambidensovirus
2733230	Brevihamaparvovirus
2733231	Chaphamaparvovirus
2733232	Hepanhamaparvovirus
2733233	Ichthamaparvovirus
2733234	Penstylhamaparvovirus
2733237	Pteridovirus
2733238	Ravavirus
2733239	Hexartovirus
2733240	Dianlovirus
2733241	Hubramonavirus
2733242	Cynoglossusvirus
2733243	Hoplichthysvirus
2733244	Scoliodonvirus
2733245	Alphanucleorhabdovirus
2733246	Arurhavirus
2733247	Barhavirus
2733248	Betanucleorhabdovirus
2733249	Gammanucleorhabdovirus
2733250	Lostrhavirus
2733251	Mousrhavirus
2733252	Ohlsrhavirus
2733253	Sawgrhavirus
2733254	Sunrhavirus
2733255	Zarhavirus
2733256	Bandavirus
2733257	Entovirus
2733258	Ixovirus
2733259	Lentinuvirus
2733260	Rubodvirus
2733262	Pontunivirus
2733263	Cyclophivirus
2733264	Kukrinivirus
2733265	Chimshavirus
2733266	Sajorinivirus
2733267	Lyctovirus
2733273	Gruhelivirus
2733274	Grusopivirus
2733277	Mupivirus
2733280	Pemapivirus
2733283	Tropivirus
2733284	Arepavirus
2733285	Celavirus
2733288	Telnavirus
2733289	Herpetohepadnavirus
2733290	Metahepadnavirus
2733291	Parahepadnavirus
2733292	Dioscovirus
2733293	Vaccinivirus
2733294	Polymycovirus
2733295	Macropopoxvirus
2733296	Mustelpoxvirus
2733297	Oryzopoxvirus
2733298	Pteropopoxvirus
2733299	Salmonpoxvirus
2733300	Sciuripoxvirus
2733301	Vespertilionpoxvirus
2733302	Deltaentomopoxvirus
2733303	Finnlakevirus
2734594	Uukuvirus
2841276	Campanilevirus
2841277	Kujavirus
2841278	Miltonvirus
2841279	Nezavisimistyvirus
2841280	Tedavirus
2841281	Vapseptimavirus
2842358	Abakapovirus
2842359	Achlievirus
2842360	Adahivirus
2842361	Adahmuvirus
2842362	Aldhiuvirus
2842363	Alehndavirus
2842364	Alehxovirus
2842365	Aleptorquevirus
2842366	Alohrdovirus
2842367	Alphacrustrhavirus
2842368	Alphadintovirus
2842369	Alphadrosrhavirus
2842370	Alphaglobulovirus
2842371	Alphahymrhavirus
2842372	Amubhivirus
2842373	Anchaingvirus
2842374	Andhasavirus
2842375	Andhaxevirus
2842376	Andhevirus
2842377	Andihavirus
2842378	Anedhivirus
2842379	Apeevirus
2842380	Aphenovirus
2842381	Apihcavirus
2842382	Apukhovirus
2842384	Arawsmovirus
2842385	Arctuvirus
2842386	Arihsbuvirus
2842387	Arpirivirus
2842388	Ashcevirus
2842389	Ashucavirus
2842390	Auricularimonavirus
2842391	Azorudivirus
2842393	Bahdevuvirus
2842394	Bahnicevirus
2842395	Bahscuvirus
2842396	Bathrivirus
2842397	Beecentumtrevirus
2842398	Behevivirus
2842399	Behlfluvirus
2842400	Belbovirus
2842401	Berdovirus
2842402	Bertavirus
2842403	Beshanovirus
2842404	Betadintovirus
2842406	Betanemrhavirus
2842539	Acajnonavirus
2842540	Akonivirus
2842541	Alphapaprhavirus
2842542	Alpharicinrhavirus
2842543	Amoyvirus
2842544	Aoqinvirus
2842545	Aorunvirus
2842546	Bembunaquatrovirus
2842547	Betapaprhavirus
2842548	Betaricinrhavirus
2842549	Betatristromavirus
2842550	Bicehmovirus
2842551	Bidhavirus
2842552	Bihdovirus
2842553	Bilifuvirus
2842554	Bisdanovirus
2842555	Blafavirus
2842556	Blinduvirus
2842557	Bohnovirus
2842558	Bohwovirus
2842559	Boloprevirus
2842560	Bonghivirus
2842561	Bonzesmacovirus
2842562	Boschuvirus
2842563	Boscovirus
2842564	Bossavirus
2842565	Bostasmacovirus
2842566	Botrytimonavirus
2842567	Bottigliavirus
2842568	Breudwovirus
2842569	Brikhyavirus
2842570	Brucesealvirus
2842571	Brudgevirus
2842572	Buhdavirus
2842573	Bundooravirus
2842574	Byrnievirus
2842576	Cahdavirus
2842577	Cahrlavirus
2842578	Cahrpivirus
2842579	Cahtavirus
2842580	Cahtebovirus
2842581	Caloevirus
2842582	Capvunavirus
2842583	Carmenvirus
2842584	Catindovirus
2842585	Cauhldivirus
2842586	Cbunavirus
2842587	Cebevirus
2842588	Ceceduovirus
2842589	Cehakivirus
2842590	Cehntrovirus
2842591	Chaedoavirus
2842592	Chahsmivirus
2842593	Changchunvirus
2842594	Charybdivirus
2842595	Chihyovirus
2842596	Chimpavirus
2842597	Chinihovirus
2842598	Chitorquevirus
2842599	Chlurivirus
2842600	Chobevirus
2842601	Choctavirus
2842602	Chorovirus
2842603	Chounavirus
2842604	Chuvivirus
2842605	Cihsnivirus
2842606	Cintrevirus
2842607	Citlodavirus
2842608	Citrovirus
2842609	Claudivirus
2842610	Clitovirus
2842612	Cofodevirus
2842613	Cohrdavirus
2842614	Condavirus
2842615	Controvirus
2842616	Copernicusvirus
2842618	Creshivirus
2842619	Cuauhtlivirus
2842620	Culicidavirus
2842621	Cunarovirus
2842622	Cunavirus
2842623	Daazvirus
2842625	Dahmuivirus
2842626	Dahmuvirus
2842632	Darnbovirus
2842633	Decadevirus
2842635	Dehcevirus
2842636	Dehgumevirus
2842637	Dehkhevirus
2842638	Deltanudivirus
2842639	Deltatectivirus
2842641	Dendoorenvirus
2842642	Denfovirus
2842643	Depandovirus
2842644	Dibaevirus
2842645	Diciambidensovirus
2842646	Dihsdivirus
2842647	Dilzevirus
2842648	Diydovirus
2842649	Dobrovirus
2842650	Dohlivirus
2842651	Dohnjavirus
2842652	Doliuvirus
2842653	Dongdastvirus
2842654	Dorisvirus
2842655	Dosmizivirus
2842657	Dragolirvirus
2842658	Dubowvirus
2842659	Dugnivirus
2842660	Duhcivirus
2842661	Eceepunavirus
2842662	Eldridgevirus
2842663	Elpedvirus
2842664	Emesvirus
2842665	Empivirus
2842666	Endehruvirus
2842667	Enterogokushovirus
2842668	Eosonovirus
2842669	Epsilonpolyomavirus
2842670	Epsilontectivirus
2842671	Eregrovirus
2842672	Erimutivirus
2842674	Etdyvivirus
2842675	Fagihovirus
2842676	Fagihyuvirus
2842677	Fahrmivirus
2842678	Febihevirus
2842679	Fejonovirus
2842680	Felismacovirus
2842681	Ferahgovirus
2842682	Firunevirus
2842683	Fiyodovirus
2842684	Flowerpowervirus
2842685	Fluruvirus
2842686	Formivirus
2842687	Frobavirus
2842688	Fudhoevirus
2842689	Gahlinevirus
2842690	Gahlovirus
2842691	Gahmegovirus
2842692	Galateavirus
2842693	Gammanudivirus
2842694	Garnievirus
2842695	Garovuvirus
2842696	Gaunavirus
2842697	Gehnevirus
2842698	Gehrmavirus
2842699	Gemytripvirus
2842700	Gernuduvirus
2842701	Gifriavirus
2842702	Gihfavirus
2842704	Glincaevirus
2842705	Glyciruvirus
2842706	Gmuhndevirus
2842707	Goettingenvirus
2842708	Gohshovirus
2842709	Gorodievirus
2842710	Gredihovirus
2842711	Gregsiragusavirus
2842712	Grendvuvirus
2842713	Grisebachstrassevirus
2842714	Gulmivirus
2842715	Gunawavirus
2842716	Hadassahvirus
2842717	Hagavirus
2842718	Hahdsevirus
2842719	Hahkesevirus
2842720	Halcalevirus
2842721	Harambevirus
2842722	Hehrovirus
2842723	Hehspivirus
2842724	Helacdivirus
2842725	Hemphillvirus
2842726	Henifovirus
2842727	Henunavirus
2842728	Henuseptimavirus
2842729	Hetorquevirus
2842730	Hicfunavirus
2842731	Hihdivirus
2842732	Hinehbovirus
2842733	Hirvovirus
2842735	Hohltdevirus
2842736	Hohrdovirus
2842737	Hopescreekvirus
2842738	Hoswirudivirus
2842739	Huelvavirus
2842740	Huhbevirus
2842741	Huhmpluvirus
2842742	Hukohnovirus
2842743	Hukuchivirus
2842744	Huleruivirus
2842745	Huohcivirus
2842746	Huylevirus
2842747	Hyjrovirus
2842748	Hylipavirus
2842750	Hysdruvirus
2842751	Icepovirus
2842752	Icerudivirus
2842753	Ichonovirus
2842754	Icumivirus
2842755	Ideskevirus
2842756	Imeberivirus
2842757	Immanueltrevirus
2842758	Inbricusvirus
2842759	Ineyimevirus
2842760	Inpeasmacovirus
2842761	Insbruvirus
2842762	Intasivirus
2842763	Ipivevirus
2842764	Irrigatiovirus
2842765	Iruqauvirus
2842766	Ishigurovirus
2842767	Ishugivirus
2842768	Isoihlovirus
2842769	Itarudivirus
2842770	Ivolevirus
2842771	Iwahcevirus
2842772	Japarudivirus
2842773	Jargovirus
2842774	Jelitavirus
2842775	Jeonjuvirus
2842776	Jhansiroadvirus
2842777	Jiesduavirus
2842778	Jiforsuvirus
2842779	Johnovirus
2842780	Jupbevirus
2842781	Kahfsdivirus
2842782	Kahnayevirus
2842783	Kahraivirus
2842784	Kahshuvirus
2842785	Karezivirus
2842786	Kaypoctavirus
2842787	Kecijavirus
2842788	Kecuhnavirus
2842789	Keghovirus
2842790	Kehmevirus
2842791	Kehruavirus
2842792	Kemicevirus
2842793	Kemiovirus
2842794	Kempsvovirus
2842795	Kenamavirus
2842796	Kenoshavirus
2842797	Kerishovirus
2842798	Kihrivirus
2842799	Kihryuvirus
2842800	Kihsiravirus
2842801	Kimihcavirus
2842802	Kinglevirus
2842803	Kirnavirus
2842804	Kiwsmaevirus
2842805	Klosterneuburgvirus
2842807	Kohmavirus
2842808	Konkivirus
2842809	Konmavirus
2842810	Kowinovirus
2842811	Kudohovirus
2842812	Kuhfotivirus
2842813	Kuhshuvirus
2842814	Kwaitsingvirus
2842815	Kyanivirus
2842816	Kyungwonvirus
2842817	Lahcomavirus
2842818	Laimuvirus
2842819	Lasallevirus
2842820	Lazarusvirus
2842821	Lazuovirus
2842822	Lehptavirus
2842823	Lehptevirus
2842824	Lentimonavirus
2842825	Lihvevirus
2842826	Limaivirus
2842827	Lirnavirus
2842828	Littlefixvirus
2842829	Livvievirus
2842830	Lobdovirus
2842831	Lohmavirus
2842832	Lomnativirus
2842833	Lonzbavirus
2842834	Loptevirus
2842835	Loslovirus
2842836	Luloavirus
2842837	Lulohlevirus
2842838	Luthavirus
2842839	Lygehevirus
2842840	Lyndovirus
2842841	Madisduvirus
2842842	Mahdsavirus
2842843	Mahjnavirus
2842844	Mahqeavirus
2842846	Mahraivirus
2842847	Mahshuvirus
2842848	Maldovirus
2842849	Manohtivirus
2842850	Manrohovirus
2842851	Manticavirus
2842852	Manuelvirus
2842853	Marskhivirus
2842854	Marsupivirus
2842855	Martavirus
2842856	Matervirus
2842857	Matsuvirus
2842858	Meblowovirus
2842859	Mehraxmevirus
2842860	Meihzavirus
2842861	Mekintivirus
2842862	Melvirus
2842863	Merhavirus
2842864	Methovirus
2842865	Metsavirus
2842867	Mihkrovirus
2842868	Milihnovirus
2842869	Mingyongvirus
2842870	Minhovirus
2842871	Mintinovirus
2842872	Mintuvirus
2842873	Minusuvirus
2842874	Mitdiwavirus
2842875	Mocruvirus
2842876	Moloevirus
2842877	Molucevirus
2842878	Monamovirus
2842879	Monekavirus
2842880	Moonbeamvirus
2842881	Mooreparkvirus
2842882	Morsusvirus
2842883	Mucrahivirus
2842884	Mulcrilevirus
2842886	Muscodensovirus
2842887	Muyegivirus
2842888	Mydovirus
2842889	Myducvirus
2842890	Myriavirus
2842891	Nadsecevirus
2842892	Nahantvirus
2842893	Nahjiuvirus
2842894	Nahrudavirus
2842895	Nahsuvirus
2842896	Nehohpavirus
2842897	Nehpavirus
2842898	Nehujevirus
2842899	Nehumivirus
2842900	Neratovirus
2842901	Niankuvirus
2842902	Nicedsevirus
2842903	Nigecruvirus
2842904	Niginuvirus
2842905	Nihlwovirus
2842906	Nihucivirus
2842907	Niuhvovirus
2842908	Nochtlivirus
2842909	Noehsivirus
2842910	Norwavirus
2842911	Novemvirus
2842912	Nuihimevirus
2842913	Obhoarovirus
2842914	Obscuruvirus
2842915	Oceshuvirus
2842917	Ociwvivirus
2842918	Odiravirus
2842919	Odonatavirus
2842920	Oekfovirus
2842921	Ollusvirus
2842922	Olmsdivirus
2842923	Omegatorquevirus
2842925	Omohevirus
2842926	Onohmuvirus
2842927	Opdykovirus
2842928	Opunvirus
2842929	Orthocurvulavirus
2842930	Osigowavirus
2842931	Owenocuvirus
2842932	Oxychlovirus
2842933	Pacehavirus
2842934	Pacinivirus
2842935	Pagohnivirus
2842936	Pahdacivirus
2842937	Pahspavirus
2842938	Palsdevirus
2842940	Patimovirus
2842941	Paulavirus
2842942	Paundecimvirus
2842943	Paysduvirus
2842944	Pebcunavirus
2842945	Pediavirus
2842946	Peeveelvirus
2842947	Pehohrivirus
2842948	Pehsaduvirus
2842949	Penicillimonavirus
2842950	Penoulivirus
2842951	Pepevirus
2842952	Pepusduvirus
2842953	Perrunavirus
2842954	Philtcovirus
2842955	Phobpsivirus
2842956	Phulihavirus
2842957	Phulivirus
2842958	Phyllomonavirus
2842959	Pihngevirus
2842960	Piponevirus
2842961	Pipunevirus
2842962	Pirifovirus
2842963	Piscichuvirus
2842965	Plasmopamonavirus
2842966	Plymouthvirus
2842967	Podtsbuvirus
2842968	Pohlevirus
2842969	Pohlodivirus
2842970	Pohlydovirus
2842971	Pohtamavirus
2842972	Pokkenvirus
2842973	Pollockvirus
2842974	Pomeroyivirus
2842975	Poncivirus
2842976	Pourcelvirus
2842977	Presleyvirus
2842978	Psehatovirus
2842979	Pseudotevenvirus
2842980	Psiaduvirus
2842981	Psimevirus
2842983	Psoetuvirus
2842984	Psouhdivirus
2842985	Pterovirus
2842986	Pudlivirus
2842987	Puduphavirus
2842988	Puhrivirus
2842989	Puirovirus
2842990	Pujohnavirus
2842991	Pushchinovirus
2842993	Pylasvirus
2842994	Qeihnovirus
2842995	Allolevivirus
2842996	Quwivirus
2842997	Radbaivirus
2842998	Rainacovirus
2842999	Rajidapivirus
2843000	Raunefjordenvirus
2843001	Rehihmevirus
2843002	Rehudzovirus
2843003	Reipivirus
2843004	Rhizomonavirus
2843005	Rhizoulivirus
2843006	Rhohmbavirus
2843007	Rhotorquevirus
2843008	Riverridervirus
2843009	Rodtovirus
2843010	Rohsdrivirus
2843011	Ruflodivirus
2843012	Rusvolovirus
2843013	Sabavirus
2843014	Sabourvirus
2843015	Saikungvirus
2843016	Salchichonvirus
2843017	Salinovirus
2843018	Samuneavirus
2843019	Sanyabayvirus
2843020	Scarabeuvirus
2843021	Scloravirus
2843022	Scuadavirus
2843023	Sculuvirus
2843024	Sdenfavirus
2843025	Sdonativirus
2843026	Sdribtuvirus
2843027	Secretariatvirus
2843028	Sehcovirus
2843029	Sehpovirus
2843030	Semodevirus
2843031	Setohruvirus
2843032	Sexopuavirus
2843033	Seybrovirus
2843034	Shamshuipovirus
2843035	Shebanavirus
2843036	Shihmovirus
2843037	Shihovirus
2843038	Shihwivirus
2843039	Sholavirus
2843040	Shomudavirus
2843041	Shopitevirus
2843042	Shuravirus
2843043	Sidiruavirus
2843044	Sigmatorquevirus
2843046	Sincthavirus
2843047	Siophivirus
2843048	Siovirus
2843049	Skhembuvirus
2843050	Skrubnovirus
2843051	Slepowronvirus
2843052	Smudhfivirus
2843053	Snuwdevirus
2843054	Soetuvirus
2843056	Sperdavirus
2843057	Sphonivirus
2843058	Stehlmavirus
2843059	Stehnavirus
2843060	Stoningtonvirus
2843061	Stupavirus
2843062	Suhnsivirus
2843063	Surghavirus
2843064	Susfortunavirus
2843065	Swihdzovirus
2843066	Taceavirus
2843067	Tahluvirus
2843068	Tamanovirus
2843069	Tanisvirus
2843071	Tapikevirus
2843073	Teciucevirus
2843074	Tehdravirus
2843075	Tehmuvirus
2843076	Tehnexuvirus
2843077	Tehnicivirus
2843078	Tehuhdavirus
2843079	Testadenovirus
2843080	Tetipavirus
2843081	Tettorquevirus
2843082	Tetuambidensovirus
2843083	Thehlovirus
2843084	Thidevirus
2843085	Thiuhmevirus
2843086	Thiwvovirus
2843087	Thiyevirus
2843088	Thobivirus
2843090	Thyrsuvirus
2843091	Tibirnivirus
2843092	Ticahravirus
2843093	Tikiyavirus
2843094	Timirovirus
2843095	Tinebovirus
2843096	Tinytimothyvirus
2843097	Tohkunevirus
2843098	Tohvovirus
2843099	Topilevirus
2843100	Trucevirus
2843101	Tsecebavirus
2843102	Tsuhreavirus
2843103	Tuskovirus
2843104	Tuwendivirus
2843105	Tybeckvirus
2843106	Tyrahlevirus
2843108	Ureyisuvirus
2843109	Usarudivirus
2843110	Ushumevirus
2843111	Vendavirus
2843112	Veravirus
2843113	Vernevirus
2843114	Vesehyavirus
2843115	Veterinaerplatzvirus
2843116	Vimunumvirus
2843117	Vindevirus
2843118	Vinehtivirus
2843119	Vipivirus
2843120	Vohsuavirus
2843121	Voulevirus
2843122	Waedenswilvirus
2843123	Wahbolevirus
2843124	Wahdswovirus
2843125	Wahtavirus
2843126	Wanchaivirus
2843127	Wanderervirus
2843128	Warsawvirus
2843129	Watanabevirus
2843130	Wawtorquevirus
2843131	Wecineivirus
2843132	Weheuvirus
2843133	Whietlevirus
2843135	Whilavirus
2843136	Whodehavirus
2843137	Widsokivirus
2843138	Winunavirus
2843139	Wishivirus
2843140	Wohudhevirus
2843141	Wongtaivirus
2843142	Wulosvivirus
2843143	Wyahnevirus
2843144	Xinspivirus
2843145	Xitorquevirus
2843146	Yahnavirus
2843147	Yautsimvirus
2843148	Yekorevirus
2843149	Yemegivirus
2843150	Yenihzavirus
2843151	Yeshinuvirus
2843152	Yeziwivirus
2843153	Yingchengvirus
2843154	Yohcadevirus
2843155	Yonginvirus
2843156	Yongunavirus
2843157	Yuhrihovirus
2843159	Zedzedvirus
2843160	Zetapolyomavirus
2843161	Zicotriavirus
2843162	Zurivirus
2843163	Zuysuivirus
2843342	Agmunavirus
2843343	Aguilavirus
2843344	Alachuavirus
2843345	Alegriavirus
2843346	Anjalivirus
2843347	Annadreamyvirus
2843348	Arawnvirus
2843349	Ashduovirus
2843350	Astrithrvirus
2843351	Audreyjarvisvirus
2843352	Avanivirus
2843353	Ayohtrevirus
2843354	Badaztecvirus
2843355	Bakolyvirus
2843356	Bcepfunavirus
2843357	Beceayunavirus
2843358	Becedseptimavirus
2843359	Behunavirus
2843360	Bievrevirus
2843361	Borockvirus
2843362	Burrovirus
2843363	Camtrevirus
2843364	Chertseyvirus
2843365	Chopinvirus
2843366	Cimandefvirus
2843367	Colneyvirus
2843368	Colunavirus
2843369	Cornievirus
2843370	Coventryvirus
2843371	Cukevirus
2843372	Delislevirus
2843373	Deurplevirus
2843374	Dibbivirus
2843375	Dinavirus
2843376	Donellivirus
2843377	Dybvigvirus
2843378	Elmenteitavirus
2843379	Fattrevirus
2843380	Fernvirus
2843381	Firingavirus
2843382	Fowlmouthvirus
2843383	Fremauxvirus
2843384	Fukuivirus
2843385	Gervaisevirus
2843386	Gilsonvirus
2843387	Glaedevirus
2843388	Halcyonevirus
2843389	Haloferacalesvirus
2843390	Hattifnattvirus
2843391	Hnatkovirus
2843392	Hubeivirus
2843393	Iaduovirus
2843394	Indlulamithivirus
2843395	Jarrellvirus
2843396	Jouyvirus
2843397	Junavirus
2843398	Kamchatkavirus
2843399	Kanagawavirus
2843400	Karimacvirus
2843401	Arv1virus
2843402	Knuthellervirus
2843403	Konstantinevirus
2843404	Kozyakovvirus
2843405	Kuleanavirus
2843406	Kungbxnavirus
2843407	Kylevirus
2843408	Labanvirus
2843409	Lacnuvirus
2843410	Lafunavirus
2843411	Lahexavirus
2843412	Lambovirus
2843413	Larmunavirus
2843414	Lastavirus
2843415	Latrobevirus
2843416	Leicestervirus
2843417	Lietduovirus
2843418	Lillamyvirus
2843419	Marfavirus
2843420	Marienburgvirus
2843421	Menderavirus
2843422	Moabitevirus
2843423	Moturavirus
2843424	Mufasoctovirus
2843425	Muldoonvirus
2843426	Muminvirus
2843427	Myoalterovirus
2843428	Myosmarvirus
2843429	Nesevirus
2843430	Nevevirus
2843431	Nylescharonvirus
2843432	Pankowvirus
2843433	Parlovirus
2843434	Pemunavirus
2843435	Pippivirus
2843436	Plateaulakevirus
2843437	Pleeduovirus
2843438	Pleetrevirus
2843439	Predatorvirus
2843440	Privateervirus
2843441	Questintvirus
2843442	Radostvirus
2843443	Rahariannevirus
2843444	Ravarandavirus
2843445	Rockefellervirus
2843446	Rockvillevirus
2843447	Ronodorvirus
2843448	Saintgironsvirus
2843449	Sandinevirus
2843450	Sarumanvirus
2843451	Sawaravirus
2843452	Sendosyvirus
2843453	Seongbukvirus
2843454	Shandongvirus
2843455	Sherbrookevirus
2843456	Shirahamavirus
2843457	Sleepyheadvirus
2843458	Sozzivirus
2843459	Sparkyvirus
2843460	Spizizenvirus
2843461	Squirtyvirus
2843462	Sukhumvitvirus
2843463	Takahashivirus
2843464	Tandoganvirus
2843465	Tantvirus
2843466	Teubervirus
2843467	Thetabobvirus
2843468	Triplejayvirus
2843469	Uwajimavirus
2843470	Vedamuthuvirus
2843471	Vibakivirus
2843472	Waukeshavirus
2843473	Whackvirus
2843474	Whiteheadvirus
2843475	Wumpquatrovirus
2843476	Wumptrevirus
2843477	Yongloolinvirus
2843478	Yonseivirus
2942894	Microwolfvirus
2942978	Akihdevirus
2942979	Kahnovirus
2942980	Kehishuvirus
2942981	Paundivirus
2942982	Wulfhauvirus
2942989	Afonbuvirus
2942990	Canhaevirus
2942991	Cohcovirus
2942992	Culoivirus
2942993	Blohavirus
2942994	Buchavirus
2942995	Dechshavirus
2943002	Broinstvirus
2943003	Cenphatecvirus
2943004	Dunedinvirus
2943005	Enchivirus
2943006	Fengtaivirus
2943007	Gediminasvirus
2943008	Gwanakrovirus
2943009	Jacunavirus
2943010	Kokobelvirus
2943011	Lavrentievavirus
2943012	Maxdohrnvirus
2943013	Newforgelanevirus
2943014	Phobosvirus
2943015	Redjacvirus
2943016	Salvovirus
2943017	Seodaemunguvirus
2943018	Sessunavirus
2943019	Sharonstreetvirus
2943020	Zhonglingvirus
2944849	Swiduovirus
2946787	Akiravirus
2946788	Alasvirus
2946789	Alisovirus
2946790	Alphafusarivirus
2946791	Alphahypovirus
2946792	Alphapironavirus
2946793	Alphayadokarivirus
2946794	Amginevirus
2946795	Aminayvirus
2946796	Amplylivirus
2946797	Anayavirus
2946798	Andurilvirus
2946799	Angainorvirus
2946800	Angelvirus
2946802	Anicalvirus
2946803	Anidravirus
2946804	Anthonyvirus
2946805	Antsirabevirus
2946806	Aptresvirus
2946808	Archimedesvirus
2946809	Arnorvirus
2946810	Arsyunavirus
2946811	Aurodevirus
2946812	Avihepevirus
2946813	Avocadovirus
2946814	Bacelvirus
2946815	Backyardiganvirus
2946816	Baltivirus
2946817	Banmivirus
2946818	Beejeyvirus
2946819	Benedictvirus
2946820	Beograduvirus
2946821	Besingivirus
2946822	Betabotoulivirus
2946823	Betafusarivirus
2946824	Betahypovirus
2946825	Betarhizoulivirus
2946826	Betascleroulivirus
2946827	Betayadokarivirus
2946828	Bippervirus
2946829	Birdsnestvirus
2946830	Birpovirus
2946831	Bluvavirus
2946832	Bohxovirus
2946833	Bonaevitaevirus
2946834	Bosavirus
2946835	Bracchivirus
2946836	Bracovirus
2948639	Bragavirus
2948640	Bristolvirus
2948641	Bromdenvirus
2948642	Buchananvirus
2948643	Buhlduvirus
2948644	Buorbuivirus
2948645	Burzaovirus
2948646	Cacepaovirus
2948647	Caelumvirus
2948648	Callevirus
2948649	Caminolopintovirus
2948650	Captovirus
2948651	Carettavirus
2948652	Carjivirus
2948653	Catfishvirus
2948654	Cebadecemvirus
2948655	Cedarrivervirus
2948656	Celiavirus
2948657	Cellubavirus
2948658	Cetarhavirus
2948659	Chalconvirus
2948660	Chaovirus
2948661	Chirohepevirus
2948662	Chrysonvirus
2948663	Chuhaivirus
2948664	Cicadellivirus
2948665	Cinqassovirus
2948667	Clownvirus
2948668	Coatlandelriovirus
2948669	Copasivirus
2948670	Cybitervirus
2948671	Dabirmavirus
2948672	Dagavirus
2948673	Damravirus
2948674	Dardanusvirus
2948675	Deltahypovirus
2948676	Deltascleroulivirus
2948677	Denvervirus
2948678	Deseoctovirus
2948679	Dexdertvirus
2948680	Diorhovirus
2948681	Doupovirus
2948682	Dpdavirus
2948683	Draselvirus
2948684	Drivevirus
2948685	Drunivirus
2948686	Duamitovirus
2948687	Duodecimduovirus
2948688	Delmidovirus
2948689	Eagleeyevirus
2948690	Efbeekayvirus
2948691	Efekovirus
2948692	Eilatmyovirus
2948693	Electravirus
2948694	Elemovirus
2948695	Elveevirus
2948696	Emcearvirus
2948697	Endlipuvirus
2948698	Epaquintavirus
2948699	Epsilonhypovirus
2948700	Epsilonscleroulivirus
2948701	Etahypovirus
2948703	Evevirus
2948704	Exceevirus
2948705	Faithunavirus
2948706	Finchvirus
2948708	Fionnbharthvirus
2948709	Fohxhuevirus
2948710	Foxborovirus
2948711	Foxquatrovirus
2948712	Foxunavirus
2948713	Freyavirus
2948714	Galenevirus
2948716	Gambievirus
2948717	Gammaflexivirus
2948718	Gammafusarivirus
2948720	Gammascleroulivirus
2948721	Ganiavirus
2948722	Gegavirus
2948723	Gegevirus
2948724	Gemsvirus
2948725	Gibbetvirus
2948726	Gladiatorvirus
2948727	Glamdringvirus
2948728	Glaucusvirus
2948729	Greenvirus
2948730	Grondvirus
2948731	Gruunavirus
2948732	Gualtarvirus
2948733	Gundelvirus
2948734	Gylbovirus
2948736	Hacihdavirus
2948737	Hadakavirus
2948738	Hagravirus
2948752	Haifavirus
2948754	Harrekavirus
2948755	Harrisonburgvirus
2948757	Hautrevirus
2948758	Herugrimvirus
2948759	Hoptevirus
2948760	Huangshavirus
2948761	Hungariovirus
2948762	Ichnovirus
2948763	Illuinvirus
2948764	Immutovirus
2948765	Imvubuvirus
2948766	Ingelinevirus
2948767	Jahgtovirus
2948768	Jamesmcgillvirus
2948769	Janusvirus
2948770	Jiangsuvirus
2948771	Jolieduovirus
2948772	Jujuvirus
2948773	Julieunavirus
2948774	Junduvirus
2948775	Justusliebigvirus
2948776	Kablunavirus
2948777	Kagamiyamavirus
2948778	Kahucivirus
2948779	Kapieceevirus
2948780	Kayeltresvirus
2948781	Keshuvirus
2948782	Keylargovirus
2948783	Khurdivirus
2948784	Kimonavirus
2948785	Kingevirus
2948786	Klumppvirus
2948787	Kolpuevirus
2948788	Kratiovirus
2948789	Kroosvirus
2948790	Kumaovirus
2948791	Kunmingvirus
2948792	Kvaramitovirus
2948793	Lahndsivirus
2948794	Lakivirus
2948795	Lambavirus
2948796	Laminvirus
2948797	Lebriduvirus
2948798	Leefvirus
2948799	Leocovirus
2948800	Leonardvirus
2948801	Lilbeanievirus
2948802	Lilmcdreamyvirus
2948803	Lipsvirus
2948805	Lophivirus
2948806	Lowelvirus
2948807	Luchadorvirus
2948808	Lumosvirus
2948809	Macariavirus
2948810	Macdonaldcampvirus
2948811	Madalivirus
2948812	Mahlunavirus
2948813	Mahstovirus
2948814	Makelovirus
2948816	Manovirus
2948817	Mazarbulvirus
2948818	Menegrothvirus
2948819	Menthavirus
2948821	Metforvirus
2948822	Micavirus
2948823	Mincapvirus
2948824	Minorvirus
2948825	Mithrilvirus
2948826	Mollyvirus
2948827	Moomoovirus
2948828	Mosugukvirus
2948829	Mycoabscvirus
2948831	Mylasvirus
2948832	Myradeevirus
2948833	Myrnavirus
2948834	Nasenivirus
2948835	Nauglamirvirus
2948836	Nekkelsvirus
2948837	Nematovirus
2948838	Neritesvirus
2948839	Nilusvirus
2948840	Nimanivirus
2948842	Noahvirus
2948843	Oblavirus
2948844	Olivavirus
2948845	Oliverocinquevirus
2948846	Oliverunavirus
2948847	Omarvirus
2948849	Ormenosvirus
2948850	Orthodiscovirus
2948851	Orthopicobirnavirus
2948854	Pamirivirus
2948855	Paopuvirus
2948856	Pariacacavirus
2948857	Paslahepevirus
2948858	Pelmivirus
2948859	Penintadodekavirus
2948860	Peternellavirus
2948861	Pharaohvirus
2948862	Phelinovirus
2948863	Phialvirus
2948864	Phleivirus
2948865	Phrappuccinovirus
2948866	Pinnievirus
2948867	Pipoluvirus
2948869	Pleakleyvirus
2948871	Porrectionivirus
2948872	Potamoivirus
2948873	Pukovnikvirus
2948874	Puppervirus
2948875	Purkyvirus
2948876	Quadragintavirus
2948877	Quesadillavirus
2948878	Refugevirus
2948879	Replylivirus
2948880	Retbasiphovirus
2948881	Ringilvirus
2948882	Rivapovirus
2948883	Rocahepevirus
2948884	Rosariovirus
2948885	Roskildevirus
2948886	Sagamiharavirus
2948887	Saguarovirus
2948888	Saldibavirus
2948889	Saltrevirus
2948890	Salutenavirus
2948893	Sanstrivirus
2948894	Santafevirus
2948895	Sardinovirus
2948896	Schmidtvirus
2948897	Scophrhavirus
2948898	Sedonavirus
2948899	Seejivirus
2948900	Segzyvirus
2948901	Sentinelvirus
2948904	Shandvirus
2948905	Sheenvirus
2948906	Shuimuvirus
2948907	Sicregavirus
2948908	Siniperhavirus
2948910	Skatevirus
2948911	Skogvirus
2948912	Skysandvirus
2948913	Sokavirus
2948914	Stormageddonvirus
2948915	Stralarivirus
2948916	Stylovirus
2948917	Sukkupivirus
2948918	Supelovirus
2948919	Sustrivirus
2948920	Synelinevirus
2948921	Tapjovirus
2948922	Thalassavirus
2948923	Thetahypovirus
2948924	Thetapolyomavirus
2948925	Thonkovirus
2948926	Timshelvirus
2948927	Tinalinvirus
2948928	Tocinivirus
2948929	Tofonivirus
2948930	Tralespevirus
2948932	Triamitovirus
2948933	Triduovirus
2948934	Triniovirus
2948935	Tsukubavirus
2948936	Turbidovirus
2948937	Typhavirus
2948938	Ulegvirus
2948939	Unicornvirus
2948940	Unuamitovirus
2948941	Usmuvirus
2948942	Valbvirus
2948943	Valinorvirus
2948944	Vasivirus
2948945	Vebetovirus
2948946	Veracruzvirus
2948947	Vicoquintavirus
2948949	Vipetofemvirus
2948951	Wadgaonvirus
2948952	Whopevirus
2948953	Wotdevirus
2948954	Xaviavirus
2948955	Xenophyvirus
2948956	Xooduovirus
2948957	Xylavirus
2948959	Yeceytrevirus
2948960	Yosifvirus
2948963	Zitchvirus
2973078	Alternavirus
2976977	Incheonvirus
