taxid	name	parent_taxid	rank
10242	Orthopoxvirus	10241	genus
10257	Parapoxvirus	10241	genus
10260	Avipoxvirus	10241	genus
10265	Capripoxvirus	10241	genus
10270	Leporipoxvirus	10241	genus
10275	Suipoxvirus	10241	genus
10278	Molluscipoxvirus	10241	genus
10282	Yatapoxvirus	10241	genus
10294	Simplexvirus	10293	genus
10319	Varicellovirus	10293	genus
10358	Cytomegalovirus	10357	genus
10365	Muromegalovirus	10357	genus
10375	Lymphocryptovirus	10374	genus
10379	Rhadinovirus	10374	genus
10473	Plasmavirus	10472	genus
10491	Chloriridovirus	2017757	genus
10492	Ranavirus	2017756	genus
10509	Mastadenovirus	10508	genus
10552	Aviadenovirus	10508	genus
10556	Rhizidiovirus	10239	genus
10639	Caulimovirus	186534	genus
10660	Corticovirus	10659	genus
10842	Microvirus	117574	genus
10852	Spiromicrovirus	686565	genus
10861	Inovirus	10860	genus
10875	Plectrovirus	2732098	genus
10878	Cystovirus	10877	genus
10911	Coltivirus	2946187	genus
10979	Aquareovirus	2946187	genus
11007	Totivirus	11006	genus
11011	Giardiavirus	11006	genus
11040	Rubivirus	2560066	genus
11095	Pestivirus	11050	genus
11155	Torovirus	694017	genus
11245	Pneumovirus	2133750	genus
11271	Vesiculovirus	2842407	genus
11286	Lyssavirus	2842407	genus
11618	Arenavirus	208898	genus
11985	Carmovirus	137555	genus
12051	Marafivirus	249184	genus
12091	Hepatovirus	2946633	genus
12141	Tombusvirus	2560077	genus
12148	Tymovirus	249184	genus
12160	Closterovirus	69973	genus
12163	Carlavirus	1914297	genus
12174	Capillovirus	1914298	genus
12176	Potexvirus	675064	genus
12195	Potyvirus	39729	genus
12258	Comovirus	675075	genus
12269	Fabavirus	675075	genus
12270	Nepovirus	675075	genus
12291	Furovirus	675071	genus
12293	Tobravirus	675071	genus
12300	Bromovirus	39740	genus
12304	Cucumovirus	39740	genus
12316	Ilarvirus	39740	genus
12326	Hordeivirus	675071	genus
12329	Tenuivirus	1980418	genus
32613	Ephemerovirus	2842407	genus
39725	Circovirus	39724	genus
39730	Rymovirus	39729	genus
39731	Bymovirus	39729	genus
39734	Umbravirus	2560072	genus
39739	Machlomovirus	2560077	genus
39742	Barnavirus	39741	genus
39744	Rubulavirus	2560080	genus
39749	Hypovirus	39748	genus
39750	Aquabirnavirus	10993	genus
39751	Avibirnavirus	10993	genus
39752	Entomobirnavirus	10993	genus
39755	Leishmaniavirus	11006	genus
39759	Deltavirus	2842321	genus
39760	Idaeovirus	2732890	genus
40272	Roseolovirus	10357	genus
40274	Chlamydiamicrovirus	686565	genus
40276	Trichovirus	1914298	genus
43680	Ascovirus	43682	genus
67753	Crinivirus	69973	genus
85650	Betatetravirus	1283207	genus
85651	Omegatetravirus	1283207	genus
88129	Ophiovirus	568247	genus
95337	Vesivirus	11974	genus
95339	Lagovirus	11974	genus
100953	Atadenovirus	10508	genus
104394	Picobirnavirus	585893	genus
104766	Nanovirus	251095	genus
118139	Teschovirus	2946627	genus
119492	Pecluvirus	675071	genus
129725	Foveavirus	1914297	genus
129876	Siadenovirus	10508	genus
136466	Brevidensovirus	40120	genus
137757	Ipomovirus	39729	genus
138954	Parechovirus	2946640	genus
140295	Varicosavirus	2842408	genus
140568	Allexivirus	675064	genus
143901	Benyvirus	1513233	genus
143919	Betanodavirus	12283	genus
143920	Alphanodavirus	12283	genus
146761	Avenavirus	2560077	genus
147262	Hostuviroid	185751	genus
153136	Deltaretrovirus	327045	genus
153137	Epsilonretrovirus	327045	genus
154322	Oleavirus	39740	genus
156207	Tritimovirus	39729	genus
156208	Macluravirus	39729	genus
162387	Metapneumovirus	11244	genus
181083	Chlorovirus	10501	genus
181084	Prasinovirus	10501	genus
181085	Phaeovirus	10501	genus
181086	Prymnesiovirus	10501	genus
184751	Vitivirus	1914298	genus
185753	Pospiviroid	185751	genus
185754	Cocadviroid	185751	genus
185756	Apscaviroid	185751	genus
185757	Coleviroid	185751	genus
185758	Avsunviroid	185752	genus
185759	Pelamoviroid	185752	genus
186457	Aureusvirus	2560077	genus
186666	Errantivirus	186665	genus
186667	Metavirus	186665	genus
186672	Pseudovirus	186670	genus
186767	Narnavirus	186766	genus
186768	Mitovirus	2732892	genus
186778	Novirhabdovirus	2842415	genus
186783	Ourmiavirus	2560063	genus
186844	Panicovirus	2560077	genus
186886	Pomovirus	675071	genus
186938	Respirovirus	2560076	genus
187213	Rudivirus	157897	genus
194960	Kobuvirus	2946635	genus
194961	Erbovirus	2946627	genus
199703	Okavirus	2501984	genus
208294	Seadornavirus	2946186	genus
217160	Ampelovirus	69973	genus
220339	Topocuvirus	10811	genus
227307	Gyrovirus	687329	genus
249185	Maculavirus	249184	genus
249585	Whispovirus	196937	genus
249588	Mamastrovirus	39733	genus
249589	Avastrovirus	39733	genus
251096	Babuvirus	251095	genus
260963	Avulavirus	2560069	genus
260964	Henipavirus	2560076	genus
308906	Megalocytivirus	2017756	genus
310684	Cheravirus	675072	genus
311225	Idnoreovirus	2946187	genus
311227	Mycoreovirus	2946187	genus
315393	Mimivirus	549779	genus
324902	Marnavirus	324901	genus
324913	Isavirus	11308	genus
325454	Deltapapillomavirus	2169595	genus
325455	Gammapapillomavirus	2169595	genus
325456	Iotapapillomavirus	2169595	genus
325457	Kappapapillomavirus	2169595	genus
325458	Etapapillomavirus	2169595	genus
325459	Epsilonpapillomavirus	2169595	genus
325461	Omikronpapillomavirus	2169595	genus
325462	Lambdapapillomavirus	2169595	genus
333750	Alphapapillomavirus	2169595	genus
333918	Zetapapillomavirus	2169595	genus
333921	Xipapillomavirus	2169595	genus
333922	Betapapillomavirus	2169595	genus
334202	Mupapillomavirus	2169595	genus
334211	Pipapillomavirus	2169595	genus
334213	Thetapapillomavirus	2169595	genus
341939	Alphalipothrixvirus	10477	genus
341940	Betalipothrixvirus	10477	genus
341941	Gammalipothrixvirus	10477	genus
346673	Coccolithovirus	10501	genus
352476	Salterprovirus	2732902	genus
413970	Anulavirus	39740	genus
475861	Nupapillomavirus	2169595	genus
548686	Ostreavirus	548685	genus
548687	Macavirus	10374	genus
548688	Percavirus	10374	genus
548689	Proboscivirus	10357	genus
564640	Elaviroid	185752	genus
564643	Blosnavirus	10993	genus
564645	Globulovirus	292638	genus
564646	Deltalipothrixvirus	10477	genus
573012	Raphidovirus	10501	genus
573054	Ampullavirus	573053	genus
573055	Cervidpoxvirus	10241	genus
645516	Polemovirus	2169577	genus
674952	Trichomonasvirus	11006	genus
674970	Labyrnavirus	324901	genus
674976	Dinornavirus	866787	genus
674981	Victorivirus	11006	genus
675059	Cryspovirus	11012	genus
675062	Mycoflexivirus	675061	genus
675065	Botrexvirus	675064	genus
675066	Sclerodarnavirus	675064	genus
675070	Cilevirus	2560061	genus
675073	Torradovirus	675072	genus
675076	Lolavirus	675064	genus
675844	Brambyvirus	39729	genus
675845	Emaravirus	1980412	genus
680194	Bicaudavirus	423358	genus
686982	Sapelovirus	2946630	genus
687331	Alphatorquevirus	687329	genus
687332	Betatorquevirus	687329	genus
687333	Gammatorquevirus	687329	genus
687334	Deltatorquevirus	687329	genus
687335	Epsilontorquevirus	687329	genus
687336	Zetatorquevirus	687329	genus
687337	Etatorquevirus	687329	genus
687338	Thetatorquevirus	687329	genus
687339	Iotatorquevirus	687329	genus
689759	Tremovirus	2946633	genus
691955	Avihepatovirus	2946640	genus
691957	Ichtadenovirus	10508	genus
692605	Batrachovirus	548682	genus
692606	Cyprinivirus	548682	genus
692607	Salmonivirus	548682	genus
694018	Bafinivirus	2508210	genus
696855	Nebovirus	11974	genus
699166	Citrivirus	1914298	genus
699180	Dinovernavirus	2946187	genus
699181	Cardoreovirus	2946186	genus
699182	Mimoreovirus	2946186	genus
873551	Recovirus	11974	genus
934799	Taupapillomavirus	2169595	genus
934800	Chipapillomavirus	2169595	genus
934802	Phipapillomavirus	2169595	genus
934803	Dyozetapapillomavirus	2169595	genus
934804	Dyoiotapapillomavirus	2169595	genus
935635	Sigmapapillomavirus	2169595	genus
935641	Dyoetapapillomavirus	2169595	genus
935646	Dyoepsilonpapillomavirus	2169595	genus
935650	Psipapillomavirus	2169595	genus
936056	Dyodeltapapillomavirus	2169595	genus
936057	Rhopapillomavirus	2169595	genus
936058	Upsilonpapillomavirus	2169595	genus
936061	Omegapapillomavirus	2169595	genus
1052159	Dyothetapapillomavirus	2169595	genus
1159901	Deltacoronavirus	2501931	genus
1213379	Aparavirus	232795	genus
1218487	Kappatorquevirus	687329	genus
1218489	Lambdatorquevirus	687329	genus
1230390	Poacevirus	39729	genus
1232637	Scutavirus	10293	genus
1232640	Solendovirus	186534	genus
1232647	Dinodnavirus	10239	genus
1232658	Aquaparamyxovirus	2560076	genus
1232738	Clavavirus	1232737	genus
1232754	Tepovirus	1914298	genus
1283209	Alphacarmotetravirus	1283208	genus
1283211	Alphapermutotetravirus	1283210	genus
1283308	Ferlavirus	2560076	genus
1285588	Bidensovirus	1285587	genus
1285591	Glossinavirus	1285590	genus
1285593	Muscavirus	1285590	genus
1285597	Megabirnavirus	1285596	genus
1285599	Crocodylidpoxvirus	10241	genus
1298630	Becurtovirus	10811	genus
1298631	Turncurtovirus	10811	genus
1298632	Eragrovirus	10811	genus
1298634	Betaguttavirus	324686	genus
1298653	Perhabdovirus	2842407	genus
1299297	Quadrivirus	1299296	genus
1299306	Tibrovirus	2842407	genus
1299307	Betafusellovirus	10474	genus
1299308	Quaranjavirus	11308	genus
1299309	Alphanecrovirus	2560077	genus
1299310	Macanavirus	2560077	genus
1299311	Betanecrovirus	2560077	genus
1299312	Gallantivirus	2560077	genus
1299313	Zeavirus	2560077	genus
1307798	Negevirus	35278	genus
1307799	Pegivirus	11050	genus
1308858	Sigmavirus	2842407	genus
1312873	Alphamesonivirus	2501963	genus
1330065	Aquamavirus	2946640	genus
1330067	Dicipivirus	2946635	genus
1330069	Megrivirus	2946635	genus
1431456	Hunnivirus	2946627	genus
1481451	Mosavirus	2946627	genus
1506581	Crohivirus	2946640	genus
1511771	Avisivirus	2946640	genus
1511775	Gallivirus	2946635	genus
1511778	Mischivirus	2946627	genus
1511782	Pasivirus	2946640	genus
1511804	Rosavirus	2946635	genus
1511853	Alphanudivirus	1511852	genus
1511854	Betanudivirus	1511852	genus
1511856	Alphaspiravirus	1511855	genus
1511859	Alphaturrivirus	1511858	genus
1511861	Amalgavirus	1511860	genus
1511864	Aveparvovirus	40119	genus
1511888	Copiparvovirus	40119	genus
1511911	Tetraparvovirus	40119	genus
1513201	Hepandensovirus	40120	genus
1513223	Penstyldensovirus	40120	genus
1513230	Aurivirus	548685	genus
1513234	Cafeteriavirus	549779	genus
1513236	Cuevavirus	11266	genus
1513238	Dyokappapapillomavirus	2169595	genus
1513239	Dyolambdapapillomavirus	2169595	genus
1513240	Dyomupapillomavirus	2169595	genus
1513241	Dyonupapillomavirus	2169595	genus
1513242	Dyoomikronpapillomavirus	2169595	genus
1513243	Dyopipapillomavirus	2169595	genus
1513244	Dyorhopapillomavirus	2169595	genus
1513245	Dyosigmapapillomavirus	2169595	genus
1513246	Dyoxipapillomavirus	2169595	genus
1513277	Higrevirus	2560061	genus
1513295	Nyavirus	1513294	genus
1513299	Sprivivirus	2842407	genus
1513300	Tupavirus	2842407	genus
1513308	Velarivirus	69973	genus
1513458	Marseillevirus	944644	genus
1653394	Mammarenavirus	11617	genus
1653395	Reptarenavirus	11617	genus
1659770	Sakobuvirus	2946635	genus
1678141	Orthohepevirus	291484	genus
1678142	Piscihepevirus	2946641	genus
1748295	Rosadnavirus	186534	genus
1755587	Sicinivirus	2946635	genus
1755589	Kunsagivirus	2946640	genus
1805626	Pithovirus	2023203	genus
1857843	Kayvirus	2560081	genus
1857889	Silviavirus	2560081	genus
1868215	Orthopneumovirus	11244	genus
1883068	Sclerotimonavirus	1883067	genus
1884454	Socyvirus	1513294	genus
1884455	Anphevirus	2501985	genus
1884456	Arlivirus	2501987	genus
1884457	Chengtivirus	1955138	genus
1884458	Crustavirus	1513294	genus
1884459	Wastrivirus	1955138	genus
1885570	Chapparvovirus	207678	genus
1891713	Alphapolyomavirus	151341	genus
1891714	Betapolyomavirus	151341	genus
1891715	Deltapolyomavirus	151341	genus
1891716	Gammapolyomavirus	151341	genus
1910931	Agatevirus	2560070	genus
1911599	Alphacarmovirus	2560077	genus
1911600	Betacarmovirus	2560077	genus
1911601	Gammacarmovirus	2560077	genus
1911602	Pelarspovirus	2560077	genus
1911604	Alphapleolipovirus	1911603	genus
1911605	Betapleolipovirus	1911603	genus
1911606	Gammapleolipovirus	1911603	genus
1912143	Biquartavirus	2946170	genus
1913605	Dichorhavirus	2842408	genus
1914293	Divavirus	1914298	genus
1914295	Prunevirus	1914298	genus
1914296	Chordovirus	1914298	genus
1914299	Robigovirus	1914297	genus
1914566	Limnipivirus	2946640	genus
1914567	Potamipivirus	2946640	genus
1915204	Albetovirus	2559587	genus
1917979	Aumaivirus	2559587	genus
1918010	Bastillevirus	2560070	genus
1918013	Botybirnavirus	2732396	genus
1918718	Cbastvirus	2731619	genus
1918728	Dyochipapillomavirus	2169595	genus
1918730	Dyoomegapapillomavirus	2169595	genus
1920492	Dyophipapillomavirus	2169595	genus
1920494	Dyopsipapillomavirus	2169595	genus
1920771	Goravirus	675071	genus
1920864	Rtpvirus	2732045	genus
1920865	Tlsvirus	2732047	genus
1921117	Nonagvirus	2842528	genus
1921122	Nonanavirus	2731619	genus
1921184	Pagevirus	2731619	genus
1921407	Pakpunavirus	2731619	genus
1921431	Papanivirus	2559587	genus
1921433	Platypuvirus	675064	genus
1921434	Psavirus	2731619	genus
1921553	Seuratvirus	2842528	genus
1921556	Sinaivirus	2732891	genus
1921703	Sunshinevirus	1884452	genus
1921707	Toursvirus	43682	genus
1921709	Slashvirus	2731619	genus
1921772	Treisdeltapapillomavirus	2169595	genus
1921776	Treisepsilonpapillomavirus	2169595	genus
1921823	Treisetapapillomavirus	2169595	genus
1922207	Treiszetapapillomavirus	2169595	genus
1922209	Triatovirus	232795	genus
1922241	Macronovirus	1922240	genus
1922243	Sextaecvirus	2731619	genus
1922327	Wphvirus	2560070	genus
1925802	Virtovirus	2559587	genus
1932909	Dyotaupapillomavirus	2169595	genus
1932911	Dyoupsilonpapillomavirus	2169595	genus
1932924	Sputnikvirus	1914302	genus
1941236	Gemykibivirus	1910928	genus
1941238	Gemykolovirus	1910928	genus
1972611	Hapavirus	2842407	genus
1972682	Almendravirus	2842407	genus
1977139	Fibrovirus	10860	genus
1977141	Habenivirus	10860	genus
1977142	Lineavirus	10860	genus
1977143	Saetivirus	10860	genus
1977144	Vespertiliovirus	2732098	genus
1977632	Indivirus	1977630	genus
1977635	Catovirus	1977630	genus
1977636	Hokovirus	1977630	genus
1977639	Klosneuvirus	1977630	genus
1978532	Ledantevirus	2842407	genus
1980420	Goukovirus	1980418	genus
1980421	Phasivirus	1980418	genus
1980533	Herbevirus	1980416	genus
1980538	Orthophasmavirus	1980417	genus
1980936	Marthavirus	2731619	genus
1982076	Korravirus	2731619	genus
1982086	Laroyevirus	2731619	genus
1982088	Mudcatvirus	2731619	genus
1982091	Marvinvirus	2731619	genus
1982099	Amigovirus	2731619	genus
1982104	Decurrovirus	2731619	genus
1982106	Demosthenesvirus	2731619	genus
1982111	Eiauvirus	2731619	genus
1982113	Gaiavirus	2731619	genus
1982150	Gilesvirus	2731619	genus
1982152	Gordonvirus	2731619	genus
1982218	Gordtnkvirus	2731619	genus
1982220	Harrisonvirus	2842525	genus
1982222	Jenstvirus	2731619	genus
1982236	Kelleziovirus	2731619	genus
1982359	Patiencevirus	2731619	genus
1982557	Smoothievirus	2731619	genus
1982562	Soupsvirus	2731619	genus
1982566	Tankvirus	2731619	genus
1982573	Titanvirus	2731619	genus
1982748	Woesvirus	2731619	genus
1982879	Camvirus	1982875	genus
1982880	Likavirus	1982875	genus
1982897	Acadianvirus	1982876	genus
1982898	Coopervirus	1982876	genus
1982899	Pipefishvirus	1982876	genus
1982900	Rosebushvirus	1982876	genus
1983734	Fishburnevirus	1982878	genus
1983735	Phayoncevirus	1982878	genus
1983744	Bongovirus	1982877	genus
1984773	Abouovirus	2731619	genus
1984786	Elvirus	2731619	genus
1984788	Jimmervirus	2731619	genus
1985181	Tsarbombavirus	2560070	genus
1985292	Suspvirus	1985285	genus
1985303	Mooglevirus	1985285	genus
1985329	Moonvirus	1198136	genus
1985365	Gemyduguivirus	1910928	genus
1985366	Gemygorvirus	1910928	genus
1985367	Gemykrogvirus	1910928	genus
1985368	Gemykroznavirus	1910928	genus
1985369	Gemytondvirus	1910928	genus
1985370	Gemyvongvirus	1910928	genus
1985687	Curiovirus	2842407	genus
1985692	Sripuvirus	2842407	genus
1985709	Peropuvirus	2501986	genus
1985733	Pradovirus	2731643	genus
1986961	Ampivirus	12058	genus
1993858	Wildcatvirus	2946173	genus
2003390	Harkavirus	12058	genus
2003395	Betaendornavirus	564644	genus
2003399	Dipartevirus	76803	genus
2003400	Equartevirus	76803	genus
2003401	Nesartevirus	76803	genus
2003403	Simartevirus	2506610	genus
2005059	Cronusvirus	2731619	genus
2005509	Centapoxvirus	10241	genus
2022640	Invictavirus	2022639	genus
2022641	Nyfulvavirus	2022639	genus
2022739	Alphatristromavirus	2022738	genus
2022856	Blunervirus	2560061	genus
2025077	Rabovirus	2946630	genus
2025078	Torchivirus	2946627	genus
2034995	Grablovirus	10811	genus
2034997	Tilapinevirus	2501949	genus
2034998	Vegasvirus	2842525	genus
2049885	Vendettavirus	2946645	genus
2060084	Pandoravirus	51368	genus
2094720	Tupanvirus	985780	genus
2136036	Carbovirus	178830	genus
2169534	Limestonevirus	2169530	genus
2169569	Deltaflexivirus	2169568	genus
2169575	Bovismacovirus	2169574	genus
2169607	Hartmanivirus	11617	genus
2169608	Diatodnavirus	2169567	genus
2169609	Kieseladnavirus	2169567	genus
2169610	Protobacilladnavirus	2169567	genus
2169611	Brujitavirus	2169597	genus
2169612	Hawkeyevirus	2169598	genus
2169614	Treisiotapapillomavirus	2169595	genus
2169615	Treiskappapapillomavirus	2169595	genus
2169616	Treisthetapapillomavirus	2169595	genus
2169617	Ageyesisatellite	283494	genus
2169618	Clecrusatellite	283494	genus
2169619	Colecusatellite	283494	genus
2169620	Gosmusatellite	283494	genus
2169624	Machinavirus	2731619	genus
2169625	Svunavirus	2731619	genus
2169626	Babusatellite	2842420	genus
2169627	Clostunsatellite	1441744	genus
2169628	Fabenesatellite	1441744	genus
2169629	Milvetsatellite	1441744	genus
2169630	Mivedwarsatellite	1441744	genus
2169631	Sophoyesatellite	1441744	genus
2169632	Subclovsatellite	1441744	genus
2169635	Baxtervirus	2169601	genus
2169636	Nymphadoravirus	2169601	genus
2169637	Aalivirus	2946640	genus
2169638	Bopivirus	2946627	genus
2169639	Orivirus	2946640	genus
2169640	Shanbavirus	2946640	genus
2169642	Jwalphavirus	2842423	genus
2169644	Chipolycivirus	2169570	genus
2169645	Hupolycivirus	2169570	genus
2169646	Sopolycivirus	2169570	genus
2169647	Alphaportoglobovirus	2169572	genus
2169648	Bevemovirus	39729	genus
2169649	Roymovirus	39729	genus
2169650	Alefpapillomavirus	2169596	genus
2169651	Anatolevirus	2731619	genus
2169652	Attisvirus	2731619	genus
2169653	Doucettevirus	2731619	genus
2169657	Trigintaduovirus	2731619	genus
2169658	Wizardvirus	2731619	genus
2169659	Cosmacovirus	2169574	genus
2169660	Dragsmacovirus	2169574	genus
2169661	Drosmacovirus	2169574	genus
2169662	Huchismacovirus	2169574	genus
2169663	Porprismacovirus	2169574	genus
2169664	Bovispumavirus	327046	genus
2169665	Equispumavirus	327046	genus
2169666	Felispumavirus	327046	genus
2169667	Prosimiispumavirus	327046	genus
2169668	Simiispumavirus	327046	genus
2169669	Alphatectivirus	10656	genus
2169670	Betatectivirus	10656	genus
2499609	Muarterivirus	2499603	genus
2499610	Alphaarterivirus	2499604	genus
2499611	Lambdaarterivirus	2499605	genus
2499612	Deltaarterivirus	2499606	genus
2499613	Epsilonarterivirus	2499606	genus
2499614	Etaarterivirus	2499606	genus
2499615	Iotaarterivirus	2499606	genus
2499616	Thetaarterivirus	2499606	genus
2499617	Zetaarterivirus	2499606	genus
2499674	Betaarterivirus	2499607	genus
2499675	Gammaarterivirus	2499607	genus
2499676	Kappaarterivirus	2499608	genus
2501366	Loanvirus	2560074	genus
2501367	Mobatvirus	2560074	genus
2501368	Thottimvirus	2560074	genus
2501412	Culannivirus	222556	genus
2501970	Shaspivirus	1980415	genus
2501971	Striwavirus	1980415	genus
2501972	Berhavirus	1513294	genus
2501973	Orinovirus	1513294	genus
2501974	Tapwovirus	1513294	genus
2501975	Pidchovirus	1980418	genus
2501976	Horwuvirus	1980418	genus
2501977	Hudivirus	1980418	genus
2501978	Hudovirus	1980418	genus
2501979	Mobuvirus	1980418	genus
2501981	Beidivirus	1980418	genus
2501994	Shangavirus	1980416	genus
2501996	Inshuvirus	1980417	genus
2501998	Wuhivirus	1980417	genus
2507289	Turrinivirus	2507288	genus
2507291	Mivirus	2501952	genus
2507497	Yingvirus	2501968	genus
2508211	Oncotshavirus	2508210	genus
2508220	Bolenivirus	2507288	genus
2508224	Alphamononivirus	2508223	genus
2508230	Charybnivirus	2508227	genus
2508231	Paguronivirus	2508227	genus
2508241	Bostovirus	2508239	genus
2508243	Infratovirus	2508240	genus
2508244	Pregotovirus	2508240	genus
2508245	Sectovirus	2508240	genus
2508253	Yuyuevirus	2501959	genus
2508256	Lincruvirus	2501939	genus
2508258	Hubavirus	2501940	genus
2509283	Wubeivirus	1980418	genus
2509285	Wumivirus	2501941	genus
2560082	Actinovirus	2560067	genus
2560083	Agnathovirus	2560068	genus
2560084	Ahduovirus	2943001	genus
2560085	Ailurivirus	2946627	genus
2560086	Alcyoneusvirus	2731619	genus
2560087	Alphachrysovirus	249310	genus
2560088	Alphanemrhavirus	2842407	genus
2560089	Alphaovalivirus	2560062	genus
2560090	Anativirus	2946630	genus
2560091	Antennavirus	11617	genus
2560092	Aphroditevirus	2842518	genus
2560093	Aqualcavirus	2731643	genus
2560094	Asteriusvirus	2731619	genus
2560095	Avunavirus	1911928	genus
2560096	Bantamvirus	2731619	genus
2560097	Bavovirus	11974	genus
2560098	Beetrevirus	2731619	genus
2560099	Bendigovirus	2731619	genus
2560100	Betachrysovirus	249310	genus
2560101	Betterkatzvirus	2731619	genus
2560102	Bifseptvirus	2731643	genus
2560103	Bingvirus	2731619	genus
2560104	Bjornvirus	2731619	genus
2560105	Botoulivirus	2560063	genus
2560106	Bowservirus	2731619	genus
2560107	Britbratvirus	2731619	genus
2560108	Brunovirus	2731619	genus
2560109	Busanvirus	2731619	genus
2560110	Caligrhavirus	2842407	genus
2560111	Ceetrepovirus	2946647	genus
2560112	Cetovirus	2732012	genus
2560113	Chakrabartyvirus	2731619	genus
2560115	Chunghsingvirus	2946647	genus
2560116	Cimpunavirus	2731619	genus
2560117	Cinunavirus	2731619	genus
2560118	Coguvirus	1980418	genus
2560119	Cultervirus	178830	genus
2560120	Decapodiridovirus	2017757	genus
2560121	Delepquintavirus	2731619	genus
2560122	Dismasvirus	2731619	genus
2560123	Eclunavirus	2731691	genus
2560124	Efquatrovirus	2731619	genus
2560125	Eisenstarkvirus	2731619	genus
2560126	Elerivirus	2731619	genus
2560127	Emalynvirus	2731619	genus
2560128	Eneladusvirus	2731619	genus
2560129	Eyrevirus	2731619	genus
2560130	Farahnazvirus	2731619	genus
2560131	Ficleduovirus	2731619	genus
2560132	Fipvunavirus	2731619	genus
2560133	Flaumdravirus	2731619	genus
2560134	Galaxyvirus	2731619	genus
2560135	Galunavirus	2731619	genus
2560136	Gammatectivirus	10656	genus
2560137	Gamtrevirus	2731619	genus
2560138	Gesputvirus	2946645	genus
2560139	Getseptimavirus	2731619	genus
2560140	Ghobesvirus	2731619	genus
2560141	Gofduovirus	2731619	genus
2560142	Gorganvirus	2731619	genus
2560143	Gorjumvirus	2731619	genus
2560144	Gustavvirus	2731619	genus
2560145	Hanrivervirus	2732047	genus
2560146	Hedwigvirus	2731619	genus
2560147	Holosalinivirus	2731619	genus
2560148	Iapetusvirus	2731619	genus
2560149	Ikedavirus	2731619	genus
2560150	Ilzatvirus	2731619	genus
2560151	Iodovirus	2731619	genus
2560152	Ionavirus	2731619	genus
2560153	Jasminevirus	2731619	genus
2560154	Jedunavirus	2731619	genus
2560155	Jeilongvirus	2560076	genus
2560156	Jesfedecavirus	2732012	genus
2560157	Kabutovirus	1980418	genus
2560158	Kairosalinivirus	2731619	genus
2560159	Klementvirus	2731619	genus
2560160	Kochikohdavirus	2560071	genus
2560161	Kojivirus	2731619	genus
2560162	Krylovvirus	2731619	genus
2560163	Kryptosalinivirus	2731619	genus
2560164	Kusarnavirus	324901	genus
2560165	Lacusarxvirus	2731619	genus
2560166	Laulavirus	1980418	genus
2560167	Lilyvirus	2731619	genus
2560168	Livupivirus	2946635	genus
2560169	Locarnavirus	324901	genus
2560170	Lokivirus	2731619	genus
2560171	Magadivirus	2731619	genus
2560172	Magoulivirus	2560063	genus
2560173	Malagasivirus	2946627	genus
2560174	Metaavulavirus	2560069	genus
2560175	Metrivirus	2731619	genus
2560176	Mimasvirus	2731619	genus
2560177	Minovirus	11974	genus
2560178	Minunavirus	2731619	genus
2560179	Mutorquevirus	687329	genus
2560180	Myunavirus	2732014	genus
2560181	Myxoctovirus	2731619	genus
2560182	Nacovirus	11974	genus
2560183	Nanhaivirus	2731619	genus
2560184	Napahaivirus	2731643	genus
2560185	Narmovirus	2560076	genus
2560186	Nazgulvirus	2943001	genus
2560187	Negarvirus	2842327	genus
2560188	Nickievirus	2731619	genus
2560189	Novosibvirus	2731690	genus
2560190	Noxifervirus	2731619	genus
2560191	Nutorquevirus	687329	genus
2560192	Nyceiraevirus	2731619	genus
2560193	Orchidvirus	2731619	genus
2560194	Orthoavulavirus	2560069	genus
2560195	Orthorubulavirus	2560080	genus
2560197	Otagovirus	2731619	genus
2560198	Pacuvirus	1980416	genus
2560199	Paraavulavirus	2560069	genus
2560200	Pararubulavirus	2560080	genus
2560201	Peatvirus	2731619	genus
2560202	Phimunavirus	2731647	genus
2560203	Pikminvirus	2731619	genus
2560204	Plaisancevirus	2731619	genus
2560205	Poecivirus	2946635	genus
2560206	Pollyceevirus	2731643	genus
2560207	Polybotosvirus	2731619	genus
2560208	Popoffvirus	2731619	genus
2560209	Poushouvirus	2731619	genus
2560210	Priunavirus	2731690	genus
2560211	Rafivirus	2946635	genus
2560212	Reptillovirus	2560079	genus
2560213	Rigallicvirus	2731619	genus
2560214	Rimavirus	2731619	genus
2560215	Ripduovirus	2731619	genus
2560216	Risingsunvirus	2731619	genus
2560217	Salemvirus	2560076	genus
2560218	Salisharnavirus	324901	genus
2560219	Salovirus	11974	genus
2560220	Samistivirus	2946625	genus
2560221	Samunavirus	2731619	genus
2560222	Sanovirus	2943001	genus
2560223	Sasvirus	2731619	genus
2560224	Sawastrivirus	1980417	genus
2560225	Scapunavirus	2731619	genus
2560226	Scleroulivirus	2560063	genus
2560227	Sertoctavirus	1910999	genus
2560228	Shalavirus	2560070	genus
2560229	Shilevirus	2560064	genus
2560230	Sogarnavirus	324901	genus
2560231	Sourvirus	2731619	genus
2560232	Striavirus	11266	genus
2560233	Sugarlandvirus	2731690	genus
2560234	Synodonvirus	2560075	genus
2560235	Tabernariusvirus	2731619	genus
2560236	Thamnovirus	11266	genus
2560237	Thornevirus	2731619	genus
2560238	Tidunavirus	2842518	genus
2560239	Tijeunavirus	2731619	genus
2560240	Tortellinivirus	1982878	genus
2560241	Tottorivirus	2946627	genus
2560242	Trinavirus	2731619	genus
2560245	Unahavirus	2946157	genus
2560247	Vhulanivirus	2731619	genus
2560248	Vicosavirus	2731619	genus
2560249	Vidquintavirus	2731619	genus
2560250	Vieuvirus	2731619	genus
2560251	Vividuovirus	2731619	genus
2560252	Wamavirus	1914298	genus
2560253	Weaselvirus	2731619	genus
2560254	Wenrivirus	1980418	genus
2560255	Wilnyevirus	2731619	genus
2560256	Winklervirus	1198136	genus
2560257	Yvonnevirus	2731619	genus
2560258	Zybavirus	1511860	genus
2731207	Fairfaxidumvirus	2731619	genus
2731621	Taipeivirus	2169529	genus
2731671	Pettyvirus	2731645	genus
2731672	Daemvirus	2731645	genus
2731673	Gutovirus	2731646	genus
2731674	Kaohsiungvirus	2731646	genus
2731675	Murciavirus	2731646	genus
2731676	Trungvirus	2731646	genus
2731677	Uliginvirus	2731646	genus
2731926	Aegirvirus	2731643	genus
2731927	Ashivirus	2731643	genus
2731928	Atuphduovirus	2731643	genus
2731929	Ayakvirus	2731643	genus
2731930	Ayaqvirus	2731643	genus
2731931	Banchanvirus	2731643	genus
2731932	Bonnellvirus	2731643	genus
2731933	Cheungvirus	2731643	genus
2731934	Chosvirus	2731643	genus
2731935	Cuernavacavirus	2731643	genus
2731936	Cyclitvirus	2731643	genus
2731937	Ermolevavirus	2731643	genus
2731938	Foturvirus	2731643	genus
2731939	Foussvirus	2731643	genus
2731940	Fussvirus	2731643	genus
2731941	Gajwadongvirus	2731643	genus
2731942	Gyeongsanvirus	2731643	genus
2731943	Igirivirus	2731643	genus
2731944	Jalkavirus	2731643	genus
2731945	Jiaoyazivirus	2731643	genus
2731946	Kafavirus	2731643	genus
2731947	Kajamvirus	2731643	genus
2731948	Kakivirus	2731643	genus
2731949	Kalppathivirus	2731643	genus
2731950	Kelmasvirus	2731643	genus
2731951	Kembevirus	2731643	genus
2731952	Krakvirus	2731643	genus
2731953	Lauvirus	2731643	genus
2731954	Limelightvirus	2731643	genus
2731955	Lingvirus	2731643	genus
2731956	Lirvirus	2731643	genus
2731957	Lullwatervirus	2731643	genus
2731958	Maculvirus	2731643	genus
2731959	Nohivirus	2731643	genus
2731960	Oinezvirus	2731643	genus
2731961	Paadamvirus	2731643	genus
2731962	Pagavirus	2731643	genus
2731963	Pairvirus	2731643	genus
2731964	Pedosvirus	2731643	genus
2731965	Pekhitvirus	2731643	genus
2731966	Pelagivirus	2731643	genus
2731967	Percyvirus	2731643	genus
2731968	Piedvirus	2731643	genus
2731969	Podivirus	2731643	genus
2731970	Poseidonvirus	2731643	genus
2731971	Powvirus	2731643	genus
2731972	Qadamvirus	2731643	genus
2731973	Scottvirus	2731643	genus
2731974	Sednavirus	2731643	genus
2731975	Serkorvirus	2731643	genus
2731976	Sieqvirus	2731643	genus
2731977	Stompelvirus	2731643	genus
2731978	Stopalavirus	2731643	genus
2731979	Stopavirus	2731643	genus
2731980	Stupnyavirus	2731643	genus
2731981	Tangaroavirus	2731643	genus
2731982	Tawavirus	2731643	genus
2731983	Tiamatvirus	2731643	genus
2731984	Tiilvirus	2731643	genus
2731985	Tritonvirus	2731643	genus
2731986	Voetvirus	2731643	genus
2731987	Votkovvirus	2731643	genus
2731988	Waewaevirus	2731643	genus
2731989	Wuhanvirus	2731643	genus
2732016	Vipunavirus	2732012	genus
2732017	Epseptimavirus	2732013	genus
2732018	Haartmanvirus	2732013	genus
2732037	Pogseptimavirus	2731690	genus
2732038	Shenzhenvirus	2731690	genus
2732049	Nouzillyvirus	2731691	genus
2732050	Sauletekiovirus	2731691	genus
2732051	Vilniusvirus	2731691	genus
2732061	Christensenvirus	2732045	genus
2732062	Guelphvirus	2732045	genus
2732063	Loudonvirus	2732045	genus
2732064	Eastlansingvirus	2732046	genus
2732065	Lindendrivevirus	2732046	genus
2732066	Wilsonroadvirus	2732046	genus
2732068	Warwickvirus	2732047	genus
2732086	Badaguanvirus	1910999	genus
2732099	Suturavirus	2732098	genus
2732589	Andhravirus	2732588	genus
2732653	Torbevirus	2732652	genus
2732675	Aarhusvirus	2731653	genus
2732676	Apdecimavirus	2731653	genus
2732677	Berlinvirus	2731653	genus
2732678	Caroctavirus	2731653	genus
2732679	Chatterjeevirus	2731653	genus
2732680	Eapunavirus	2731653	genus
2732681	Elunavirus	2731653	genus
2732682	Foetvirus	2731653	genus
2732683	Ghunavirus	2731653	genus
2732684	Helsettvirus	2731653	genus
2732685	Jarilovirus	2731653	genus
2732686	Kayfunavirus	2731653	genus
2732687	Minipunavirus	2731653	genus
2732688	Ningirsuvirus	2731653	genus
2732689	Pektosvirus	2731653	genus
2732690	Phutvirus	2731653	genus
2732691	Pifdecavirus	2731653	genus
2732692	Pijolavirus	2731653	genus
2732693	Teetrevirus	2731653	genus
2732694	Troedvirus	2731653	genus
2732695	Unyawovirus	2731653	genus
2732869	Affertcholeramvirus	10860	genus
2732870	Bifilivirus	2842326	genus
2732871	Capistrivirus	10860	genus
2732872	Coriovirus	10860	genus
2732873	Infulavirus	10860	genus
2732874	Parhipatevirus	10860	genus
2732875	Primolicivirus	10860	genus
2732876	Psecadovirus	10860	genus
2732877	Restivirus	10860	genus
2732878	Scuticavirus	10860	genus
2732879	Staminivirus	10860	genus
2732880	Subteminivirus	10860	genus
2732881	Tertilicivirus	10860	genus
2732882	Thomixvirus	2842326	genus
2732883	Versovirus	10860	genus
2732884	Vicialiavirus	10860	genus
2732885	Villovirus	10860	genus
2732886	Xylivirus	10860	genus
2732909	Tunggulvirus	2731648	genus
2732910	Aerosvirus	2731649	genus
2732911	Aghbyvirus	2731649	genus
2732912	Ahphunavirus	2731649	genus
2732913	Cronosvirus	2731649	genus
2732914	Panjvirus	2731649	genus
2732915	Pienvirus	2731649	genus
2732916	Pokrovskaiavirus	2731649	genus
2732917	Wanjuvirus	2731649	genus
2732918	Acadevirus	2731650	genus
2732920	Kantovirus	2731647	genus
2732921	Kotilavirus	2731647	genus
2732922	Stompvirus	2731647	genus
2732923	Kirikabuvirus	2731648	genus
2732924	Stubburvirus	2731648	genus
2732925	Axomammavirus	2731650	genus
2732926	Eracentumvirus	2731650	genus
2732927	Tuodvirus	2731650	genus
2732928	Vectrevirus	2731650	genus
2732929	Ampunavirus	2731651	genus
2732930	Higashivirus	2731651	genus
2732931	Mguuvirus	2731651	genus
2732932	Risjevirus	2731651	genus
2732933	Sukuvirus	2731651	genus
2732937	Bucovirus	2731652	genus
2732938	Koutsourovirus	2731652	genus
2732939	Novosibovirus	2731652	genus
2732960	Carltongylesvirus	2842409	genus
2732961	Faunusvirus	2842409	genus
2732962	Loessnervirus	2842409	genus
2732963	Pahsextavirus	2842418	genus
2732964	Suwonvirus	2842409	genus
2732965	Yushanvirus	2842418	genus
2732966	Hongcheonvirus	2732014	genus
2732968	Schiekvirus	2560071	genus
2732969	Baoshanvirus	2560081	genus
2732970	Harbinvirus	2560065	genus
2732971	Sciuriunavirus	2560081	genus
2732972	Aresaunavirus	2946167	genus
2732973	Baylorvirus	2946167	genus
2732974	Bielevirus	2946167	genus
2732975	Canoevirus	2946167	genus
2732976	Catalunyavirus	2946167	genus
2732977	Citexvirus	2946167	genus
2732978	Eganvirus	2946167	genus
2732979	Entnonagintavirus	2946167	genus
2732980	Felsduovirus	2946167	genus
2732981	Irtavirus	2946167	genus
2732982	Kisquattuordecimvirus	2946167	genus
2732983	Kisquinquevirus	2946167	genus
2732984	Longwoodvirus	2946167	genus
2732985	Nampongvirus	2946167	genus
2732986	Phitrevirus	2946167	genus
2732987	Playavirus	2946167	genus
2732988	Reginaelenavirus	2946167	genus
2732989	Senquatrovirus	2946167	genus
2732990	Seongnamvirus	2946167	genus
2733081	Simpcentumvirus	2946167	genus
2733082	Stockinghallvirus	2946167	genus
2733083	Tigrvirus	2946167	genus
2733084	Vulnificusvirus	2946167	genus
2733085	Xuanwuvirus	2946167	genus
2733086	Acionnavirus	2946160	genus
2733087	Ahtivirus	2946160	genus
2733088	Alexandravirus	2731619	genus
2733089	Anamdongvirus	2731619	genus
2733090	Anaposvirus	2946160	genus
2733091	Aokuangvirus	2731619	genus
2733092	Atlauavirus	2946160	genus
2733093	Aurunvirus	2731619	genus
2733094	Baikalvirus	2731619	genus
2733095	Barbavirus	2731619	genus
2733096	Bellamyvirus	2946160	genus
2733097	Brigitvirus	2731619	genus
2733098	Brizovirus	2946160	genus
2733099	Carpasinavirus	2731619	genus
2733100	Charybdisvirus	2946160	genus
2733101	Cymopoleiavirus	2946160	genus
2733102	Derbicusvirus	2731619	genus
2733103	Eponavirus	2731619	genus
2733104	Eurybiavirus	2731619	genus
2733105	Goslarvirus	2731619	genus
2733106	Heilongjiangvirus	2731619	genus
2733107	Kanaloavirus	2946160	genus
2733108	Lagaffevirus	2731619	genus
2733109	Leucotheavirus	2946160	genus
2733110	Libanvirus	2946160	genus
2733111	Llyrvirus	2731619	genus
2733112	Loughboroughvirus	2731619	genus
2733113	Mazuvirus	2946160	genus
2733114	Mushuvirus	2731619	genus
2733116	Namakavirus	2946160	genus
2733117	Neptunevirus	2946160	genus
2733118	Nereusvirus	2946160	genus
2733119	Nerrivikvirus	2946160	genus
2733120	Nodensvirus	2946160	genus
2733121	Palaemonvirus	2946160	genus
2733122	Petsuvirus	2731619	genus
2733123	Phabquatrovirus	2731619	genus
2733124	Phapecoctavirus	2946646	genus
2733125	Pontusvirus	2946160	genus
2733126	Qingdaovirus	2731619	genus
2733127	Rosemountvirus	2731619	genus
2733128	Saclayvirus	2731619	genus
2733129	Salacisavirus	2946160	genus
2733130	Salmondvirus	2731619	genus
2733131	Sasquatchvirus	2731619	genus
2733132	Schmittlotzvirus	2731619	genus
2733133	Tamkungvirus	2731619	genus
2733134	Taranisvirus	2731619	genus
2733135	Tefnutvirus	2946160	genus
2733136	Thaumasvirus	2946160	genus
2733137	Thetisvirus	2946160	genus
2733138	Toutatisvirus	2731619	genus
2733139	Vellamovirus	2946160	genus
2733140	Wellingtonvirus	2731619	genus
2733141	Wifcevirus	2731619	genus
2733142	Yoloswagvirus	2731619	genus
2733143	Fischettivirus	2842327	genus
2733145	Kelquatrovirus	2731619	genus
2733146	Mukerjeevirus	2842329	genus
2733147	Ryyoungvirus	2731619	genus
2733148	Shizishanvirus	2842329	genus
2733149	Skarprettervirus	2731619	genus
2733150	Sortsnevirus	2731619	genus
2733151	Xuquatrovirus	2731619	genus
2733152	Bertelyvirus	2732612	genus
2733153	Colossusvirus	2732612	genus
2733154	Poindextervirus	2732612	genus
2733156	Getalongvirus	2732613	genus
2733157	Horusvirus	2732613	genus
2733158	Phistoryvirus	2732613	genus
2733159	Douglaswolinvirus	2732614	genus
2733160	Lenusvirus	2732614	genus
2733161	Lidleunavirus	2732614	genus
2733162	Maenadvirus	2732614	genus
2733163	Abbeymikolonvirus	2731619	genus
2733164	Andrewvirus	2731619	genus
2733165	Appavirus	2731619	genus
2733166	Apricotvirus	2731619	genus
2733167	Armstrongvirus	2731619	genus
2733168	Attoomivirus	2731619	genus
2733169	Austintatiousvirus	2731619	genus
2733170	Bridgettevirus	2731619	genus
2733171	Coralvirus	2731619	genus
2733172	Daredevilvirus	2731619	genus
2733173	Edenvirus	2731619	genus
2733174	Feofaniavirus	2731619	genus
2733175	Fibralongavirus	2731619	genus
2733176	Franklinbayvirus	2731619	genus
2733177	Gillianvirus	2731619	genus
2733178	Godonkavirus	2731619	genus
2733179	Goodmanvirus	2731619	genus
2733180	Hiyaavirus	2731619	genus
2733181	Jacevirus	2731619	genus
2733182	Juiceboxvirus	2731619	genus
2733183	Kilunavirus	2731619	genus
2733184	Krampusvirus	2731619	genus
2733185	Lanavirus	2731619	genus
2733186	Lentavirus	2731619	genus
2733187	Liebevirus	2731619	genus
2733188	Luckybarnesvirus	2731619	genus
2733189	Luckytenvirus	2731619	genus
2733190	Lughvirus	2731619	genus
2733191	Majavirus	2731619	genus
2733192	Manhattanvirus	2731619	genus
2733193	Maxrubnervirus	2731619	genus
2733194	Mementomorivirus	2731619	genus
2733195	Metamorphoovirus	2731619	genus
2733196	Montyvirus	2731619	genus
2733197	Murrayvirus	2731619	genus
2733198	Neferthenavirus	2731619	genus
2733199	Oengusvirus	2731619	genus
2733200	Oneupvirus	2731619	genus
2733201	Picardvirus	2731619	genus
2733202	Quhwahvirus	2731619	genus
2733203	Raleighvirus	2731619	genus
2733204	Rogerhendrixvirus	2731619	genus
2733205	Ronaldovirus	2731619	genus
2733206	Rowavirus	2731619	genus
2733207	Ruthyvirus	2731619	genus
2733208	Samwavirus	2731619	genus
2733209	Sansavirus	2731619	genus
2733210	Sashavirus	2731619	genus
2733211	Schnabeltiervirus	2731619	genus
2733212	Schubertvirus	2731619	genus
2733213	Seussvirus	2731619	genus
2733214	Sonalivirus	2731619	genus
2733215	Squashvirus	2731619	genus
2733216	Terapinvirus	2731619	genus
2733217	Tigunavirus	2731619	genus
2733218	Trinevirus	2731619	genus
2733219	Vashvirus	2731619	genus
2733220	Vojvodinavirus	2946644	genus
2733221	Yangvirus	2731619	genus
2733222	Zetavirus	2731619	genus
2733223	Aquambidensovirus	40120	genus
2733224	Blattambidensovirus	40120	genus
2733225	Hemiambidensovirus	40120	genus
2733226	Miniambidensovirus	40120	genus
2733227	Pefuambidensovirus	40120	genus
2733228	Protoambidensovirus	40120	genus
2733229	Scindoambidensovirus	40120	genus
2733230	Brevihamaparvovirus	2732887	genus
2733231	Chaphamaparvovirus	2732887	genus
2733232	Hepanhamaparvovirus	2732887	genus
2733233	Ichthamaparvovirus	2732887	genus
2733234	Penstylhamaparvovirus	2732887	genus
2733237	Pteridovirus	2732890	genus
2733238	Ravavirus	1914298	genus
2733239	Hexartovirus	2501986	genus
2733240	Dianlovirus	11266	genus
2733241	Hubramonavirus	1883067	genus
2733242	Cynoglossusvirus	11158	genus
2733243	Hoplichthysvirus	11158	genus
2733244	Scoliodonvirus	11158	genus
2733245	Alphanucleorhabdovirus	2842408	genus
2733246	Arurhavirus	2842407	genus
2733247	Barhavirus	2842407	genus
2733248	Betanucleorhabdovirus	2842408	genus
2733249	Gammanucleorhabdovirus	2842408	genus
2733250	Lostrhavirus	2842407	genus
2733251	Mousrhavirus	2842407	genus
2733252	Ohlsrhavirus	2842407	genus
2733253	Sawgrhavirus	2842407	genus
2733254	Sunrhavirus	2842407	genus
2733255	Zarhavirus	2842407	genus
2733257	Entovirus	1980418	genus
2733258	Ixovirus	1980418	genus
2733259	Lentinuvirus	1980418	genus
2733260	Rubodvirus	1980418	genus
2733262	Pontunivirus	2732904	genus
2733263	Cyclophivirus	2732905	genus
2733264	Kukrinivirus	2732906	genus
2733265	Chimshavirus	2732907	genus
2733266	Sajorinivirus	2732908	genus
2733267	Lyctovirus	2508240	genus
2733273	Gruhelivirus	2946633	genus
2733274	Grusopivirus	2946640	genus
2733277	Mupivirus	2946627	genus
2733280	Pemapivirus	2946635	genus
2733283	Tropivirus	2946635	genus
2733284	Arepavirus	39729	genus
2733285	Celavirus	39729	genus
2733288	Telnavirus	10993	genus
2733289	Herpetohepadnavirus	10404	genus
2733290	Metahepadnavirus	10404	genus
2733291	Parahepadnavirus	10404	genus
2733292	Dioscovirus	186534	genus
2733293	Vaccinivirus	186534	genus
2733294	Polymycovirus	2732900	genus
2733295	Macropopoxvirus	10241	genus
2733296	Mustelpoxvirus	10241	genus
2733297	Oryzopoxvirus	10241	genus
2733298	Pteropopoxvirus	10241	genus
2733299	Salmonpoxvirus	10241	genus
2733300	Sciuripoxvirus	10241	genus
2733301	Vespertilionpoxvirus	10241	genus
2733302	Deltaentomopoxvirus	10284	genus
2733303	Finnlakevirus	2732901	genus
2734594	Uukuvirus	1980418	genus
2841276	Campanilevirus	2169529	genus
2841277	Kujavirus	2169529	genus
2841278	Miltonvirus	2169529	genus
2841279	Nezavisimistyvirus	2169529	genus
2841280	Tedavirus	2169529	genus
2841281	Vapseptimavirus	2169529	genus
2842358	Abakapovirus	2842332	genus
2842359	Achlievirus	2842332	genus
2842360	Adahivirus	2842319	genus
2842361	Adahmuvirus	2842332	genus
2842362	Aldhiuvirus	2842319	genus
2842363	Alehndavirus	2842315	genus
2842364	Alehxovirus	2842332	genus
2842365	Aleptorquevirus	687329	genus
2842366	Alohrdovirus	2842331	genus
2842367	Alphacrustrhavirus	11270	genus
2842368	Alphadintovirus	2597805	genus
2842369	Alphadrosrhavirus	11270	genus
2842370	Alphaglobulovirus	292638	genus
2842371	Alphahymrhavirus	11270	genus
2842372	Amubhivirus	2842319	genus
2842373	Anchaingvirus	2731643	genus
2842374	Andhasavirus	2842319	genus
2842375	Andhaxevirus	2842319	genus
2842376	Andhevirus	2842314	genus
2842377	Andihavirus	2842331	genus
2842378	Anedhivirus	2842319	genus
2842379	Apeevirus	2842318	genus
2842380	Aphenovirus	2842332	genus
2842381	Apihcavirus	2842314	genus
2842382	Apukhovirus	2842319	genus
2842384	Arawsmovirus	2842332	genus
2842385	Arctuvirus	2842332	genus
2842386	Arihsbuvirus	2842314	genus
2842387	Arpirivirus	2842332	genus
2842388	Ashcevirus	2842332	genus
2842389	Ashucavirus	2842319	genus
2842390	Auricularimonavirus	1883067	genus
2842391	Azorudivirus	157897	genus
2842393	Bahdevuvirus	2842314	genus
2842394	Bahnicevirus	2842332	genus
2842395	Bahscuvirus	2842319	genus
2842396	Bathrivirus	2842319	genus
2842397	Beecentumtrevirus	542836	genus
2842398	Behevivirus	2842319	genus
2842399	Behlfluvirus	2842319	genus
2842400	Belbovirus	2842332	genus
2842401	Berdovirus	2842332	genus
2842402	Bertavirus	2842319	genus
2842403	Beshanovirus	2842318	genus
2842404	Betadintovirus	2597805	genus
2842406	Betanemrhavirus	11270	genus
2842539	Acajnonavirus	2842519	genus
2842540	Akonivirus	2842521	genus
2842541	Alphapaprhavirus	2842407	genus
2842542	Alpharicinrhavirus	2842407	genus
2842543	Amoyvirus	2842528	genus
2842544	Aoqinvirus	2842422	genus
2842545	Aorunvirus	2842422	genus
2842546	Bembunaquatrovirus	2842529	genus
2842547	Betapaprhavirus	11270	genus
2842548	Betaricinrhavirus	11270	genus
2842549	Betatristromavirus	2022738	genus
2842550	Bicehmovirus	2842332	genus
2842551	Bidhavirus	2842332	genus
2842552	Bihdovirus	2842319	genus
2842553	Bilifuvirus	2842314	genus
2842554	Bisdanovirus	2842319	genus
2842555	Blafavirus	2842319	genus
2842556	Blinduvirus	2842314	genus
2842557	Bohnovirus	2842319	genus
2842558	Bohwovirus	2842319	genus
2842559	Boloprevirus	2842319	genus
2842560	Bonghivirus	2842315	genus
2842561	Bonzesmacovirus	2169574	genus
2842562	Boschuvirus	2842319	genus
2842563	Boscovirus	2501952	genus
2842564	Bossavirus	10374	genus
2842565	Bostasmacovirus	2169574	genus
2842566	Botrytimonavirus	1883067	genus
2842567	Bottigliavirus	573053	genus
2842568	Breudwovirus	2842319	genus
2842569	Brikhyavirus	2842332	genus
2842570	Brucesealvirus	2842320	genus
2842571	Brudgevirus	2842319	genus
2842572	Buhdavirus	2842319	genus
2842573	Bundooravirus	2842328	genus
2842574	Byrnievirus	2842527	genus
2842576	Cahdavirus	2842319	genus
2842577	Cahrlavirus	2842332	genus
2842578	Cahrpivirus	2842319	genus
2842579	Cahtavirus	2842332	genus
2842580	Cahtebovirus	2842314	genus
2842581	Caloevirus	2842319	genus
2842582	Capvunavirus	2842411	genus
2842583	Carmenvirus	2842526	genus
2842584	Catindovirus	2842332	genus
2842585	Cauhldivirus	2842319	genus
2842586	Cbunavirus	2842329	genus
2842587	Cebevirus	2842332	genus
2842588	Ceceduovirus	2842517	genus
2842589	Cehakivirus	2842319	genus
2842590	Cehntrovirus	2842315	genus
2842591	Chaedoavirus	2842319	genus
2842592	Chahsmivirus	2842319	genus
2842593	Changchunvirus	2732047	genus
2842594	Charybdivirus	2842325	genus
2842595	Chihyovirus	2842319	genus
2842596	Chimpavirus	2842243	genus
2842597	Chinihovirus	2842314	genus
2842598	Chitorquevirus	687329	genus
2842599	Chlurivirus	2842332	genus
2842600	Chobevirus	2842319	genus
2842601	Choctavirus	2842319	genus
2842602	Chorovirus	2842332	genus
2842603	Chounavirus	2842314	genus
2842604	Chuvivirus	2501952	genus
2842605	Cihsnivirus	2842314	genus
2842606	Cintrevirus	2842319	genus
2842607	Citlodavirus	10811	genus
2842608	Citrovirus	2842333	genus
2842609	Claudivirus	2842419	genus
2842610	Clitovirus	2842332	genus
2842611	Cocosatellite	2842420	genus
2842612	Cofodevirus	2842323	genus
2842613	Cohrdavirus	2842332	genus
2842614	Condavirus	2842319	genus
2842615	Controvirus	2842332	genus
2842616	Copernicusvirus	2842424	genus
2842617	Coprasatellite	2842420	genus
2842618	Creshivirus	2842319	genus
2842619	Cuauhtlivirus	2842527	genus
2842620	Culicidavirus	2501952	genus
2842621	Cunarovirus	2842332	genus
2842622	Cunavirus	2842319	genus
2842623	Daazvirus	2842321	genus
2842625	Dahmuivirus	2842315	genus
2842626	Dahmuvirus	2842319	genus
2842632	Darnbovirus	2842319	genus
2842633	Decadevirus	2842319	genus
2842635	Dehcevirus	2842319	genus
2842636	Dehgumevirus	2842315	genus
2842637	Dehkhevirus	2842315	genus
2842638	Deltanudivirus	1511852	genus
2842639	Deltatectivirus	10656	genus
2842641	Dendoorenvirus	2842329	genus
2842642	Denfovirus	2842319	genus
2842643	Depandovirus	2842319	genus
2842644	Dibaevirus	2842331	genus
2842645	Diciambidensovirus	40120	genus
2842646	Dihsdivirus	2842319	genus
2842647	Dilzevirus	2842331	genus
2842648	Diydovirus	2842314	genus
2842649	Dobrovirus	2842321	genus
2842650	Dohlivirus	2842319	genus
2842651	Dohnjavirus	2842332	genus
2842652	Doliuvirus	2501952	genus
2842653	Dongdastvirus	2842423	genus
2842654	Dorisvirus	2842421	genus
2842655	Dosmizivirus	2842319	genus
2842656	Draflysatellite	283494	genus
2842657	Dragolirvirus	2842525	genus
2842658	Dubowvirus	2842522	genus
2842659	Dugnivirus	2842314	genus
2842660	Duhcivirus	2842319	genus
2842661	Eceepunavirus	2842329	genus
2842662	Eldridgevirus	2560070	genus
2842663	Elpedvirus	2560065	genus
2842665	Empivirus	2842319	genus
2842666	Endehruvirus	2842332	genus
2842667	Enterogokushovirus	686565	genus
2842668	Eosonovirus	2842331	genus
2842669	Epsilonpolyomavirus	151341	genus
2842670	Epsilontectivirus	10656	genus
2842671	Eregrovirus	2842332	genus
2842672	Erimutivirus	2842332	genus
2842674	Etdyvivirus	2842331	genus
2842675	Fagihovirus	2842332	genus
2842676	Fagihyuvirus	2842319	genus
2842677	Fahrmivirus	2842331	genus
2842678	Febihevirus	2842319	genus
2842679	Fejonovirus	2842332	genus
2842680	Felismacovirus	2169574	genus
2842681	Ferahgovirus	2842332	genus
2842682	Firunevirus	2842314	genus
2842683	Fiyodovirus	2842319	genus
2842684	Flowerpowervirus	2842520	genus
2842685	Fluruvirus	2842332	genus
2842686	Formivirus	1513294	genus
2842687	Frobavirus	2842332	genus
2842688	Fudhoevirus	2842332	genus
2842689	Gahlinevirus	2842319	genus
2842690	Gahlovirus	2842319	genus
2842691	Gahmegovirus	2842332	genus
2842692	Galateavirus	2842421	genus
2842693	Gammanudivirus	1511852	genus
2842694	Garnievirus	2842332	genus
2842695	Garovuvirus	2842319	genus
2842696	Gaunavirus	2842425	genus
2842697	Gehnevirus	2842319	genus
2842698	Gehrmavirus	2842332	genus
2842699	Gemytripvirus	1910928	genus
2842700	Gernuduvirus	2842332	genus
2842701	Gifriavirus	2842315	genus
2842702	Gihfavirus	2842332	genus
2842704	Glincaevirus	2842319	genus
2842705	Glyciruvirus	2842319	genus
2842706	Gmuhndevirus	2842319	genus
2842707	Goettingenvirus	2560070	genus
2842708	Gohshovirus	2842314	genus
2842709	Gorodievirus	2842319	genus
2842710	Gredihovirus	2842332	genus
2842711	Gregsiragusavirus	2842411	genus
2842712	Grendvuvirus	2842319	genus
2842713	Grisebachstrassevirus	2560070	genus
2842714	Gulmivirus	2842332	genus
2842715	Gunawavirus	2842319	genus
2842716	Hadassahvirus	2842519	genus
2842717	Hagavirus	2842319	genus
2842718	Hahdsevirus	2842319	genus
2842719	Hahkesevirus	2842332	genus
2842720	Halcalevirus	2842319	genus
2842721	Harambevirus	2842328	genus
2842722	Hehrovirus	2842315	genus
2842723	Hehspivirus	2842314	genus
2842724	Helacdivirus	2842314	genus
2842725	Hemphillvirus	2842419	genus
2842726	Henifovirus	2842332	genus
2842727	Henunavirus	1911928	genus
2842728	Henuseptimavirus	2732047	genus
2842729	Hetorquevirus	687329	genus
2842730	Hicfunavirus	2731691	genus
2842731	Hihdivirus	2842319	genus
2842732	Hinehbovirus	2842331	genus
2842733	Hirvovirus	2842314	genus
2842735	Hohltdevirus	2842332	genus
2842736	Hohrdovirus	2842332	genus
2842737	Hopescreekvirus	2560065	genus
2842738	Hoswirudivirus	157897	genus
2842739	Huelvavirus	2842329	genus
2842740	Huhbevirus	2842332	genus
2842741	Huhmpluvirus	2842314	genus
2842742	Hukohnovirus	2842319	genus
2842743	Hukuchivirus	2842322	genus
2842744	Huleruivirus	2842314	genus
2842745	Huohcivirus	2842332	genus
2842746	Huylevirus	2842332	genus
2842747	Hyjrovirus	2842332	genus
2842748	Hylipavirus	2842332	genus
2842750	Hysdruvirus	2842314	genus
2842751	Icepovirus	2842333	genus
2842752	Icerudivirus	157897	genus
2842753	Ichonovirus	2842314	genus
2842754	Icumivirus	2842319	genus
2842755	Ideskevirus	2842319	genus
2842756	Imeberivirus	2842319	genus
2842757	Immanueltrevirus	2842520	genus
2842758	Inbricusvirus	2842423	genus
2842759	Ineyimevirus	2842319	genus
2842760	Inpeasmacovirus	2169574	genus
2842761	Insbruvirus	2842331	genus
2842762	Intasivirus	2842331	genus
2842763	Ipivevirus	2842314	genus
2842764	Irrigatiovirus	2946167	genus
2842765	Iruqauvirus	2842319	genus
2842766	Ishigurovirus	2842517	genus
2842767	Ishugivirus	2842319	genus
2842768	Isoihlovirus	2842314	genus
2842769	Itarudivirus	157897	genus
2842770	Ivolevirus	2842315	genus
2842771	Iwahcevirus	2842332	genus
2842772	Japarudivirus	157897	genus
2842773	Jargovirus	2842331	genus
2842774	Jelitavirus	2842530	genus
2842775	Jeonjuvirus	2560070	genus
2842776	Jhansiroadvirus	2731691	genus
2842777	Jiesduavirus	2842319	genus
2842778	Jiforsuvirus	2842332	genus
2842779	Johnovirus	2842319	genus
2842780	Jupbevirus	2842319	genus
2842781	Kahfsdivirus	2842319	genus
2842782	Kahnayevirus	2842315	genus
2842783	Kahraivirus	2842315	genus
2842784	Kahshuvirus	2842318	genus
2842785	Karezivirus	2842425	genus
2842786	Kaypoctavirus	2842412	genus
2842787	Kecijavirus	2842332	genus
2842788	Kecuhnavirus	2842332	genus
2842789	Keghovirus	2842319	genus
2842790	Kehmevirus	2842319	genus
2842791	Kehruavirus	2842332	genus
2842792	Kemicevirus	2842319	genus
2842793	Kemiovirus	2842315	genus
2842794	Kempsvovirus	2842314	genus
2842795	Kenamavirus	2842319	genus
2842796	Kenoshavirus	2842524	genus
2842797	Kerishovirus	2842315	genus
2842798	Kihrivirus	2842314	genus
2842799	Kihryuvirus	2842319	genus
2842800	Kihsiravirus	2842332	genus
2842801	Kimihcavirus	2842314	genus
2842802	Kinglevirus	2842332	genus
2842803	Kirnavirus	2842319	genus
2842804	Kiwsmaevirus	2842319	genus
2842805	Klosterneuburgvirus	2842419	genus
2842806	Kobbarisatellite	2842420	genus
2842807	Kohmavirus	2842318	genus
2842808	Konkivirus	2842319	genus
2842809	Konmavirus	2842315	genus
2842810	Kowinovirus	2842319	genus
2842811	Kudohovirus	2842314	genus
2842812	Kuhfotivirus	2842314	genus
2842813	Kuhshuvirus	2842319	genus
2842814	Kwaitsingvirus	2842527	genus
2842815	Kyanivirus	2842332	genus
2842816	Kyungwonvirus	2731691	genus
2842817	Lahcomavirus	2842314	genus
2842818	Laimuvirus	2842332	genus
2842819	Lasallevirus	2842519	genus
2842820	Lazarusvirus	2842519	genus
2842821	Lazuovirus	2842332	genus
2842822	Lehptavirus	2842332	genus
2842823	Lehptevirus	2842314	genus
2842824	Lentimonavirus	1883067	genus
2842825	Lihvevirus	2842332	genus
2842826	Limaivirus	2842332	genus
2842827	Lirnavirus	2842315	genus
2842828	Littlefixvirus	2842329	genus
2842829	Livvievirus	2184034	genus
2842830	Lobdovirus	2842314	genus
2842831	Lohmavirus	2842319	genus
2842832	Lomnativirus	2842332	genus
2842833	Lonzbavirus	2842315	genus
2842834	Loptevirus	2842332	genus
2842835	Loslovirus	2842319	genus
2842836	Luloavirus	2842332	genus
2842837	Lulohlevirus	2842319	genus
2842838	Luthavirus	2842319	genus
2842839	Lygehevirus	2842332	genus
2842840	Lyndovirus	2842332	genus
2842841	Madisduvirus	2842314	genus
2842842	Mahdsavirus	2842332	genus
2842843	Mahjnavirus	2842332	genus
2842844	Mahqeavirus	2842319	genus
2842846	Mahraivirus	2842319	genus
2842847	Mahshuvirus	2842331	genus
2842848	Maldovirus	10811	genus
2842849	Manohtivirus	2842319	genus
2842850	Manrohovirus	2842319	genus
2842851	Manticavirus	10374	genus
2842852	Manuelvirus	2842520	genus
2842853	Marskhivirus	2842315	genus
2842854	Marsupivirus	2946627	genus
2842855	Martavirus	2842319	genus
2842856	Matervirus	2560070	genus
2842857	Matsuvirus	2842414	genus
2842858	Meblowovirus	2842319	genus
2842859	Mehraxmevirus	2842319	genus
2842860	Meihzavirus	2842243	genus
2842861	Mekintivirus	2842319	genus
2842862	Melvirus	2842333	genus
2842863	Merhavirus	2842407	genus
2842864	Methovirus	2842319	genus
2842865	Metsavirus	2842332	genus
2842867	Mihkrovirus	2842319	genus
2842868	Milihnovirus	2842332	genus
2842869	Mingyongvirus	2842328	genus
2842870	Minhovirus	2842424	genus
2842871	Mintinovirus	2842331	genus
2842872	Mintuvirus	2842319	genus
2842873	Minusuvirus	2842332	genus
2842874	Mitdiwavirus	2842314	genus
2842875	Mocruvirus	2842332	genus
2842876	Moloevirus	2842314	genus
2842877	Molucevirus	2842332	genus
2842878	Monamovirus	2842319	genus
2842879	Monekavirus	2842314	genus
2842880	Moonbeamvirus	2560070	genus
2842881	Mooreparkvirus	2560065	genus
2842882	Morsusvirus	2501952	genus
2842883	Mucrahivirus	2842319	genus
2842884	Mulcrilevirus	10811	genus
2842885	Muscarsatellite	2842420	genus
2842886	Muscodensovirus	40120	genus
2842887	Muyegivirus	2842319	genus
2842888	Mydovirus	1911928	genus
2842889	Myducvirus	2842409	genus
2842890	Myriavirus	2842324	genus
2842891	Nadsecevirus	2842319	genus
2842892	Nahantvirus	2842421	genus
2842893	Nahjiuvirus	2842319	genus
2842894	Nahrudavirus	2842319	genus
2842895	Nahsuvirus	2842319	genus
2842896	Nehohpavirus	2842315	genus
2842897	Nehpavirus	2842315	genus
2842898	Nehujevirus	2842314	genus
2842899	Nehumivirus	2842332	genus
2842900	Neratovirus	2842314	genus
2842901	Niankuvirus	2842319	genus
2842902	Nicedsevirus	2842243	genus
2842903	Nigecruvirus	2501952	genus
2842904	Niginuvirus	2842314	genus
2842905	Nihlwovirus	2842332	genus
2842906	Nihucivirus	2842319	genus
2842907	Niuhvovirus	2842319	genus
2842908	Nochtlivirus	2842527	genus
2842909	Noehsivirus	2842319	genus
2842910	Norwavirus	1980415	genus
2842911	Novemvirus	2946167	genus
2842912	Nuihimevirus	2842319	genus
2842913	Obhoarovirus	2842315	genus
2842914	Obscuruvirus	2842313	genus
2842915	Oceshuvirus	2842319	genus
2842917	Ociwvivirus	2842332	genus
2842918	Odiravirus	2842331	genus
2842919	Odonatavirus	2501952	genus
2842920	Oekfovirus	2842331	genus
2842921	Ollusvirus	2842313	genus
2842922	Olmsdivirus	2842319	genus
2842923	Omegatorquevirus	687329	genus
2842925	Omohevirus	2842319	genus
2842926	Onohmuvirus	2842319	genus
2842927	Opdykovirus	2842319	genus
2842928	Opunvirus	10811	genus
2842929	Orthocurvulavirus	2842317	genus
2842930	Osigowavirus	2842319	genus
2842931	Owenocuvirus	2842319	genus
2842932	Oxychlovirus	2842319	genus
2842933	Pacehavirus	2842315	genus
2842934	Pacinivirus	2842329	genus
2842935	Pagohnivirus	2842314	genus
2842936	Pahdacivirus	2842315	genus
2842937	Pahspavirus	2842332	genus
2842938	Palsdevirus	2842319	genus
2842940	Patimovirus	2842332	genus
2842941	Paulavirus	2184034	genus
2842942	Paundecimvirus	2842333	genus
2842943	Paysduvirus	2842319	genus
2842944	Pebcunavirus	2842526	genus
2842945	Pediavirus	2501952	genus
2842946	Peeveelvirus	2842523	genus
2842947	Pehohrivirus	2842319	genus
2842948	Pehsaduvirus	2842319	genus
2842949	Penicillimonavirus	1883067	genus
2842950	Penoulivirus	2560063	genus
2842951	Pepevirus	2842319	genus
2842952	Pepusduvirus	2842332	genus
2842953	Perrunavirus	2842319	genus
2842954	Philtcovirus	2842319	genus
2842955	Phobpsivirus	2842319	genus
2842956	Phulihavirus	2842332	genus
2842957	Phulivirus	2842319	genus
2842958	Phyllomonavirus	1883067	genus
2842959	Pihngevirus	2842314	genus
2842960	Piponevirus	2842319	genus
2842961	Pipunevirus	2842319	genus
2842962	Pirifovirus	2842332	genus
2842963	Piscichuvirus	2501952	genus
2842965	Plasmopamonavirus	1883067	genus
2842966	Plymouthvirus	2842422	genus
2842967	Podtsbuvirus	2842332	genus
2842968	Pohlevirus	2842319	genus
2842969	Pohlodivirus	2842332	genus
2842970	Pohlydovirus	2842314	genus
2842971	Pohtamavirus	2842319	genus
2842972	Pokkenvirus	2842329	genus
2842973	Pollockvirus	2842416	genus
2842974	Pomeroyivirus	2842422	genus
2842975	Poncivirus	2842319	genus
2842976	Pourcelvirus	2842423	genus
2842977	Presleyvirus	2842329	genus
2842978	Psehatovirus	2842319	genus
2842979	Pseudotevenvirus	2946170	genus
2842980	Psiaduvirus	2842332	genus
2842981	Psimevirus	2842319	genus
2842983	Psoetuvirus	2842314	genus
2842984	Psouhdivirus	2842332	genus
2842985	Pterovirus	2501952	genus
2842986	Pudlivirus	2842319	genus
2842987	Puduphavirus	2842332	genus
2842988	Puhrivirus	2842331	genus
2842989	Puirovirus	2842331	genus
2842990	Pujohnavirus	2842332	genus
2842991	Pushchinovirus	2842529	genus
2842993	Pylasvirus	2842416	genus
2842994	Qeihnovirus	2842314	genus
2842996	Quwivirus	10357	genus
2842997	Radbaivirus	2842319	genus
2842998	Rainacovirus	2842314	genus
2842999	Rajidapivirus	2946635	genus
2843000	Raunefjordenvirus	2842422	genus
2843001	Rehihmevirus	2842319	genus
2843002	Rehudzovirus	2842319	genus
2843003	Reipivirus	2946167	genus
2843004	Rhizomonavirus	1883067	genus
2843005	Rhizoulivirus	2560063	genus
2843006	Rhohmbavirus	2842315	genus
2843007	Rhotorquevirus	687329	genus
2843008	Riverridervirus	2842329	genus
2843009	Rodtovirus	2842332	genus
2843010	Rohsdrivirus	2842332	genus
2843011	Ruflodivirus	186534	genus
2843012	Rusvolovirus	2842319	genus
2843013	Sabavirus	1980415	genus
2843014	Sabourvirus	2842409	genus
2843015	Saikungvirus	2842527	genus
2843016	Salchichonvirus	2560065	genus
2843017	Salinovirus	2842333	genus
2843018	Samuneavirus	2842318	genus
2843019	Sanyabayvirus	2842422	genus
2843020	Scarabeuvirus	2501952	genus
2843021	Scloravirus	2842314	genus
2843022	Scuadavirus	2842319	genus
2843023	Sculuvirus	2842243	genus
2843024	Sdenfavirus	2842332	genus
2843025	Sdonativirus	2842314	genus
2843026	Sdribtuvirus	2842314	genus
2843027	Secretariatvirus	2842524	genus
2843028	Sehcovirus	2842319	genus
2843029	Sehpovirus	2842319	genus
2843030	Semodevirus	2842315	genus
2843031	Setohruvirus	2842332	genus
2843032	Sexopuavirus	2842331	genus
2843033	Seybrovirus	2842319	genus
2843034	Shamshuipovirus	2842527	genus
2843035	Shebanavirus	2842319	genus
2843036	Shihmovirus	2842315	genus
2843037	Shihovirus	2842319	genus
2843038	Shihwivirus	2842315	genus
2843039	Sholavirus	2842319	genus
2843040	Shomudavirus	2842319	genus
2843041	Shopitevirus	2842314	genus
2843042	Shuravirus	2842319	genus
2843043	Sidiruavirus	2842332	genus
2843044	Sigmatorquevirus	687329	genus
2843046	Sincthavirus	2842319	genus
2843047	Siophivirus	2560070	genus
2843048	Siovirus	2842410	genus
2843049	Skhembuvirus	2842319	genus
2843050	Skrubnovirus	2842243	genus
2843051	Slepowronvirus	2842530	genus
2843052	Smudhfivirus	2842319	genus
2843053	Snuwdevirus	2842332	genus
2843054	Soetuvirus	2842319	genus
2843055	Somasatellite	283494	genus
2843056	Sperdavirus	2842332	genus
2843057	Sphonivirus	2842319	genus
2843058	Stehlmavirus	2842319	genus
2843059	Stehnavirus	2842332	genus
2843060	Stoningtonvirus	2842414	genus
2843061	Stupavirus	2842314	genus
2843062	Suhnsivirus	2842332	genus
2843063	Surghavirus	2842332	genus
2843064	Susfortunavirus	2842320	genus
2843065	Swihdzovirus	2842319	genus
2843066	Taceavirus	2501952	genus
2843067	Tahluvirus	2842319	genus
2843068	Tamanovirus	2842332	genus
2843069	Tanisvirus	2842524	genus
2843071	Tapikevirus	2842319	genus
2843073	Teciucevirus	2842319	genus
2843074	Tehdravirus	2842319	genus
2843075	Tehmuvirus	2842332	genus
2843076	Tehnexuvirus	2842319	genus
2843077	Tehnicivirus	2842332	genus
2843078	Tehuhdavirus	2842318	genus
2843079	Testadenovirus	10508	genus
2843080	Tetipavirus	2842243	genus
2843081	Tettorquevirus	687329	genus
2843082	Tetuambidensovirus	40120	genus
2843083	Thehlovirus	2842332	genus
2843084	Thidevirus	2842319	genus
2843085	Thiuhmevirus	2842331	genus
2843086	Thiwvovirus	2842319	genus
2843087	Thiyevirus	2842319	genus
2843088	Thobivirus	2842319	genus
2843090	Thyrsuvirus	2842332	genus
2843091	Tibirnivirus	2842315	genus
2843092	Ticahravirus	2842319	genus
2843093	Tikiyavirus	2842332	genus
2843094	Timirovirus	2842332	genus
2843095	Tinebovirus	2842315	genus
2843096	Tinytimothyvirus	2842521	genus
2843097	Tohkunevirus	2842331	genus
2843098	Tohvovirus	2842319	genus
2843099	Topilevirus	10811	genus
2843100	Trucevirus	2842319	genus
2843101	Tsecebavirus	2842314	genus
2843102	Tsuhreavirus	2842332	genus
2843103	Tuskovirus	2842332	genus
2843104	Tuwendivirus	2842332	genus
2843105	Tybeckvirus	2560065	genus
2843106	Tyrahlevirus	2842331	genus
2843108	Ureyisuvirus	2842319	genus
2843109	Usarudivirus	157897	genus
2843110	Ushumevirus	2842319	genus
2843111	Vendavirus	2842331	genus
2843112	Veravirus	2842410	genus
2843113	Vernevirus	2842332	genus
2843114	Vesehyavirus	2842332	genus
2843115	Veterinaerplatzvirus	2732045	genus
2843116	Vimunumvirus	2946167	genus
2843117	Vindevirus	2842332	genus
2843118	Vinehtivirus	2842319	genus
2843119	Vipivirus	2842333	genus
2843120	Vohsuavirus	2842319	genus
2843121	Voulevirus	2842331	genus
2843122	Waedenswilvirus	2842329	genus
2843123	Wahbolevirus	2842314	genus
2843124	Wahdswovirus	2842315	genus
2843125	Wahtavirus	2842319	genus
2843126	Wanchaivirus	2842527	genus
2843127	Wanderervirus	2842525	genus
2843128	Warsawvirus	2731653	genus
2843129	Watanabevirus	2560065	genus
2843130	Wawtorquevirus	687329	genus
2843131	Wecineivirus	2842314	genus
2843132	Weheuvirus	2842332	genus
2843133	Whietlevirus	2842319	genus
2843134	Whiflysatellite	283494	genus
2843135	Whilavirus	2842319	genus
2843136	Whodehavirus	2842314	genus
2843137	Widsokivirus	2842332	genus
2843138	Winunavirus	2842243	genus
2843139	Wishivirus	2842331	genus
2843140	Wohudhevirus	2842319	genus
2843141	Wongtaivirus	2842527	genus
2843142	Wulosvivirus	2842314	genus
2843143	Wyahnevirus	2842319	genus
2843144	Xinspivirus	1980415	genus
2843145	Xitorquevirus	687329	genus
2843146	Yahnavirus	2842319	genus
2843147	Yautsimvirus	2842527	genus
2843148	Yekorevirus	2842314	genus
2843149	Yemegivirus	2842319	genus
2843150	Yenihzavirus	2842315	genus
2843151	Yeshinuvirus	2842314	genus
2843152	Yeziwivirus	2842332	genus
2843153	Yingchengvirus	2842330	genus
2843154	Yohcadevirus	2842319	genus
2843155	Yonginvirus	2842413	genus
2843156	Yongunavirus	2946167	genus
2843157	Yuhrihovirus	2842319	genus
2843159	Zedzedvirus	2842519	genus
2843160	Zetapolyomavirus	151341	genus
2843161	Zicotriavirus	2842329	genus
2843162	Zurivirus	2842329	genus
2843163	Zuysuivirus	2842332	genus
2843342	Agmunavirus	2731619	genus
2843343	Aguilavirus	2731619	genus
2843344	Alachuavirus	2731619	genus
2843345	Alegriavirus	2731619	genus
2843346	Anjalivirus	2731619	genus
2843347	Annadreamyvirus	2731619	genus
2843348	Arawnvirus	2731619	genus
2843349	Ashduovirus	2731619	genus
2843350	Astrithrvirus	2731619	genus
2843351	Audreyjarvisvirus	2731619	genus
2843352	Avanivirus	2946632	genus
2843353	Ayohtrevirus	2731619	genus
2843354	Badaztecvirus	2731619	genus
2843355	Bakolyvirus	2731619	genus
2843356	Bcepfunavirus	2731619	genus
2843357	Beceayunavirus	2731619	genus
2843358	Becedseptimavirus	2731619	genus
2843359	Behunavirus	2731619	genus
2843360	Bievrevirus	2731619	genus
2843361	Borockvirus	2731619	genus
2843362	Burrovirus	2731619	genus
2843363	Camtrevirus	2731619	genus
2843364	Chertseyvirus	2731619	genus
2843365	Chopinvirus	2731619	genus
2843366	Cimandefvirus	2731619	genus
2843367	Colneyvirus	2731619	genus
2843368	Colunavirus	2731619	genus
2843369	Cornievirus	2946632	genus
2843370	Coventryvirus	2731619	genus
2843371	Cukevirus	2731619	genus
2843372	Delislevirus	2731619	genus
2843373	Deurplevirus	2731619	genus
2843374	Dibbivirus	2731619	genus
2843375	Dinavirus	2731619	genus
2843376	Donellivirus	2731619	genus
2843377	Dybvigvirus	2731619	genus
2843378	Elmenteitavirus	2731619	genus
2843379	Fattrevirus	2731619	genus
2843381	Firingavirus	2731619	genus
2843382	Fowlmouthvirus	2731619	genus
2843383	Fremauxvirus	2731619	genus
2843384	Fukuivirus	2731619	genus
2843385	Gervaisevirus	2731619	genus
2843386	Gilsonvirus	2731619	genus
2843387	Glaedevirus	2731619	genus
2843389	Haloferacalesvirus	2946190	genus
2843390	Hattifnattvirus	2731619	genus
2843391	Hnatkovirus	2731619	genus
2843392	Hubeivirus	2731619	genus
2843393	Iaduovirus	2731619	genus
2843394	Indlulamithivirus	2731619	genus
2843395	Jarrellvirus	2731619	genus
2843396	Jouyvirus	2731619	genus
2843397	Junavirus	2731619	genus
2843398	Kamchatkavirus	2731619	genus
2843399	Kanagawavirus	1198136	genus
2843400	Karimacvirus	2946625	genus
2843402	Knuthellervirus	2731619	genus
2843403	Konstantinevirus	2731619	genus
2843404	Kozyakovvirus	2731619	genus
2843405	Kuleanavirus	2731619	genus
2843406	Kungbxnavirus	2731619	genus
2843407	Kylevirus	2731619	genus
2843408	Labanvirus	2946157	genus
2843409	Lacnuvirus	2731619	genus
2843410	Lafunavirus	2731619	genus
2843411	Lahexavirus	2731619	genus
2843412	Lambovirus	2731619	genus
2843413	Larmunavirus	2731619	genus
2843414	Lastavirus	2731619	genus
2843415	Latrobevirus	2731619	genus
2843416	Leicestervirus	2731619	genus
2843417	Lietduovirus	2731619	genus
2843418	Lillamyvirus	2731619	genus
2843419	Marfavirus	2731619	genus
2843420	Marienburgvirus	2731619	genus
2843421	Menderavirus	2731619	genus
2843422	Moabitevirus	2731619	genus
2843423	Moturavirus	2731619	genus
2843424	Mufasoctovirus	2731619	genus
2843425	Muldoonvirus	2731619	genus
2843426	Muminvirus	2731619	genus
2843427	Myoalterovirus	2731619	genus
2843428	Myosmarvirus	2731619	genus
2843429	Nesevirus	2731619	genus
2843430	Nevevirus	2731619	genus
2843431	Nylescharonvirus	2731619	genus
2843432	Pankowvirus	2731619	genus
2843433	Parlovirus	2731619	genus
2843434	Pemunavirus	2731619	genus
2843435	Pippivirus	2946174	genus
2843436	Plateaulakevirus	2731619	genus
2843437	Pleeduovirus	2731619	genus
2843438	Pleetrevirus	2731619	genus
2843439	Predatorvirus	2731619	genus
2843440	Privateervirus	2731619	genus
2843441	Questintvirus	2731619	genus
2843442	Radostvirus	2731619	genus
2843443	Rahariannevirus	2731619	genus
2843444	Ravarandavirus	2731619	genus
2843445	Rockefellervirus	2731619	genus
2843446	Rockvillevirus	2731619	genus
2843447	Ronodorvirus	2946160	genus
2843448	Saintgironsvirus	2731619	genus
2843449	Sandinevirus	2731619	genus
2843450	Sarumanvirus	2731619	genus
2843451	Sawaravirus	2731619	genus
2843452	Sendosyvirus	2731619	genus
2843453	Seongbukvirus	2731619	genus
2843454	Shandongvirus	2731619	genus
2843455	Sherbrookevirus	2731619	genus
2843456	Shirahamavirus	2731619	genus
2843457	Sleepyheadvirus	2731619	genus
2843458	Sozzivirus	2731619	genus
2843459	Sparkyvirus	2731619	genus
2843460	Spizizenvirus	2731619	genus
2843461	Squirtyvirus	2946632	genus
2843462	Sukhumvitvirus	2731619	genus
2843463	Takahashivirus	2731619	genus
2843464	Tandoganvirus	2731619	genus
2843465	Tantvirus	2731619	genus
2843466	Teubervirus	2731619	genus
2843467	Thetabobvirus	2946632	genus
2843468	Triplejayvirus	2731619	genus
2843469	Uwajimavirus	2731619	genus
2843470	Vedamuthuvirus	2731619	genus
2843471	Vibakivirus	2731619	genus
2843472	Waukeshavirus	2731619	genus
2843473	Whackvirus	2731619	genus
2843474	Whiteheadvirus	2731619	genus
2843475	Wumpquatrovirus	2731619	genus
2843476	Wumptrevirus	2731619	genus
2843477	Yongloolinvirus	2731619	genus
2843478	Yonseivirus	2943001	genus
2942894	Microwolfvirus	2731619	genus
2942978	Akihdevirus	2942967	genus
2942979	Kahnovirus	2942967	genus
2942980	Kehishuvirus	2942967	genus
2942981	Paundivirus	2942967	genus
2942982	Wulfhauvirus	2942967	genus
2942989	Afonbuvirus	2942968	genus
2942990	Canhaevirus	2942969	genus
2942991	Cohcovirus	2942969	genus
2942992	Culoivirus	2942969	genus
2942993	Blohavirus	2942974	genus
2942994	Buchavirus	2942974	genus
2942995	Dechshavirus	2942966	genus
2943002	Broinstvirus	2943001	genus
2943003	Cenphatecvirus	2943001	genus
2943004	Dunedinvirus	2943001	genus
2943005	Enchivirus	2943001	genus
2943006	Fengtaivirus	2943001	genus
2943007	Gediminasvirus	2943001	genus
2943008	Gwanakrovirus	2943001	genus
2943009	Jacunavirus	2943001	genus
2943010	Kokobelvirus	2943001	genus
2943011	Lavrentievavirus	2943001	genus
2943012	Maxdohrnvirus	2943001	genus
2943013	Newforgelanevirus	2943001	genus
2943014	Phobosvirus	2943001	genus
2943015	Redjacvirus	2943001	genus
2943016	Salvovirus	2943001	genus
2943017	Seodaemunguvirus	2943001	genus
2943018	Sessunavirus	2943001	genus
2943019	Sharonstreetvirus	2943001	genus
2943020	Zhonglingvirus	2943001	genus
2944849	Swiduovirus	2731619	genus
2946787	Akiravirus	2731619	genus
2946788	Alasvirus	2501985	genus
2946789	Alisovirus	2946160	genus
2946790	Alphafusarivirus	1661063	genus
2946791	Alphahypovirus	39748	genus
2946792	Alphapironavirus	2946643	genus
2946793	Alphayadokarivirus	2946194	genus
2946794	Amginevirus	2946648	genus
2946795	Aminayvirus	2946648	genus
2946796	Amplylivirus	2842407	genus
2946797	Anayavirus	2946648	genus
2946798	Andurilvirus	2946178	genus
2946799	Angainorvirus	2946189	genus
2946800	Angelvirus	2946170	genus
2946802	Anicalvirus	2501987	genus
2946803	Anidravirus	2501987	genus
2946804	Anthonyvirus	2731619	genus
2946805	Antsirabevirus	2946631	genus
2946806	Aptresvirus	2946167	genus
2946808	Archimedesvirus	2731619	genus
2946809	Arnorvirus	2946178	genus
2946810	Arsyunavirus	2946167	genus
2946811	Aurodevirus	2942977	genus
2946812	Avihepevirus	2946639	genus
2946813	Avocadovirus	2946631	genus
2946814	Bacelvirus	2946166	genus
2946815	Backyardiganvirus	2731619	genus
2946816	Baltivirus	2946166	genus
2946817	Banmivirus	1914297	genus
2946818	Beejeyvirus	2976944	genus
2946819	Benedictvirus	2731619	genus
2946820	Beograduvirus	2946634	genus
2946821	Besingivirus	2942977	genus
2946822	Betabotoulivirus	2560063	genus
2946823	Betafusarivirus	1661063	genus
2946824	Betahypovirus	39748	genus
2946825	Betarhizoulivirus	2560063	genus
2946826	Betascleroulivirus	2560063	genus
2946827	Betayadokarivirus	2946194	genus
2946828	Bippervirus	2731619	genus
2946829	Birdsnestvirus	1982876	genus
2946830	Birpovirus	2942977	genus
2946831	Bluvavirus	69973	genus
2946832	Bohxovirus	2942975	genus
2946833	Bonaevitaevirus	2946642	genus
2946834	Bosavirus	2946626	genus
2946835	Bracchivirus	2946167	genus
2948639	Bragavirus	2946170	genus
2948640	Bristolvirus	2946160	genus
2948641	Bromdenvirus	2946636	genus
2948642	Buchananvirus	2731619	genus
2948643	Buhlduvirus	2942975	genus
2948644	Buorbuivirus	2942974	genus
2948645	Burzaovirus	2942975	genus
2948646	Cacepaovirus	2942975	genus
2948647	Caelumvirus	1982875	genus
2948648	Callevirus	2946168	genus
2948649	Caminolopintovirus	2731619	genus
2948650	Captovirus	2946183	genus
2948651	Carettavirus	2946170	genus
2948652	Carjivirus	2942972	genus
2948653	Catfishvirus	2946645	genus
2948654	Cebadecemvirus	2946156	genus
2948655	Cedarrivervirus	2731619	genus
2948656	Celiavirus	1982875	genus
2948657	Cellubavirus	2946156	genus
2948658	Cetarhavirus	2842407	genus
2948659	Chalconvirus	2946160	genus
2948660	Chaovirus	2946172	genus
2948661	Chirohepevirus	2946639	genus
2948662	Chrysonvirus	2946170	genus
2948663	Chuhaivirus	2942975	genus
2948664	Cicadellivirus	1980417	genus
2948665	Cinqassovirus	2946170	genus
2948667	Clownvirus	2731619	genus
2948668	Coatlandelriovirus	2731619	genus
2948669	Copasivirus	2501987	genus
2948670	Cybitervirus	2501987	genus
2948671	Dabirmavirus	2942972	genus
2948672	Dagavirus	2946167	genus
2948673	Damravirus	2501987	genus
2948674	Dardanusvirus	2946645	genus
2948675	Deltahypovirus	39748	genus
2948676	Deltascleroulivirus	2560063	genus
2948677	Denvervirus	2946623	genus
2948678	Deseoctovirus	2731619	genus
2948679	Dexdertvirus	2731619	genus
2948680	Diorhovirus	2942972	genus
2948681	Doupovirus	2501985	genus
2948682	Dpdavirus	2946180	genus
2948683	Draselvirus	2501985	genus
2948684	Drivevirus	2942972	genus
2948685	Drunivirus	2501985	genus
2948686	Duamitovirus	2732892	genus
2948687	Duodecimduovirus	2946167	genus
2948688	Delmidovirus	2942972	genus
2948689	Eagleeyevirus	2731619	genus
2948690	Efbeekayvirus	2842329	genus
2948691	Efekovirus	2946642	genus
2948692	Eilatmyovirus	2946193	genus
2948693	Electravirus	2842329	genus
2948694	Elemovirus	2731619	genus
2948695	Elveevirus	2946167	genus
2948696	Emcearvirus	2946160	genus
2948697	Endlipuvirus	2942972	genus
2948698	Epaquintavirus	2946626	genus
2948699	Epsilonhypovirus	39748	genus
2948700	Epsilonscleroulivirus	2560063	genus
2948701	Etahypovirus	39748	genus
2948703	Evevirus	2946167	genus
2948704	Exceevirus	2842329	genus
2948705	Faithunavirus	2946636	genus
2948706	Finchvirus	2731619	genus
2948708	Fionnbharthvirus	2946648	genus
2948709	Fohxhuevirus	2942976	genus
2948710	Foxborovirus	2946629	genus
2948711	Foxquatrovirus	2731619	genus
2948712	Foxunavirus	2731619	genus
2948713	Freyavirus	2946158	genus
2948714	Galenevirus	2946160	genus
2948716	Gambievirus	2501985	genus
2948717	Gammaflexivirus	675061	genus
2948718	Gammafusarivirus	1661063	genus
2948720	Gammascleroulivirus	2560063	genus
2948721	Ganiavirus	2501987	genus
2948722	Gegavirus	2946167	genus
2948723	Gegevirus	2946167	genus
2948724	Gemsvirus	2946167	genus
2948725	Gibbetvirus	2946160	genus
2948726	Gladiatorvirus	2731619	genus
2948727	Glamdringvirus	2946178	genus
2948728	Glaucusvirus	2946160	genus
2948729	Greenvirus	2946160	genus
2948730	Grondvirus	2946178	genus
2948731	Gruunavirus	2946629	genus
2948732	Gualtarvirus	2946170	genus
2948733	Gundelvirus	2946166	genus
2948734	Gylbovirus	2501985	genus
2948736	Hacihdavirus	2942976	genus
2948737	Hadakavirus	2946195	genus
2948738	Hagravirus	2946191	genus
2948752	Haifavirus	2946160	genus
2948754	Harrekavirus	2946155	genus
2948755	Harrisonburgvirus	2731619	genus
2948757	Hautrevirus	1982875	genus
2948758	Herugrimvirus	2946178	genus
2948759	Hoptevirus	2501985	genus
2948760	Huangshavirus	2842328	genus
2948761	Hungariovirus	2731619	genus
2948763	Illuinvirus	2946178	genus
2948764	Immutovirus	2731619	genus
2948765	Imvubuvirus	1982876	genus
2948766	Ingelinevirus	2946157	genus
2948767	Jahgtovirus	2942970	genus
2948768	Jamesmcgillvirus	2731619	genus
2948769	Janusvirus	1982875	genus
2948770	Jiangsuvirus	2946170	genus
2948771	Jolieduovirus	2946631	genus
2948772	Jujuvirus	2731619	genus
2948773	Julieunavirus	1982876	genus
2948774	Junduvirus	2942971	genus
2948775	Justusliebigvirus	2946646	genus
2948776	Kablunavirus	2946629	genus
2948777	Kagamiyamavirus	1198136	genus
2948778	Kahucivirus	2942973	genus
2948779	Kapieceevirus	2946167	genus
2948780	Kayeltresvirus	2946167	genus
2948781	Keshuvirus	2946648	genus
2948782	Keylargovirus	2946162	genus
2948783	Khurdivirus	1980416	genus
2948784	Kimonavirus	2731619	genus
2948785	Kingevirus	2942973	genus
2948786	Klumppvirus	2560065	genus
2948787	Kolpuevirus	2942967	genus
2948788	Kratiovirus	2946648	genus
2948789	Kroosvirus	2731619	genus
2948790	Kumaovirus	2946173	genus
2948791	Kunmingvirus	2731619	genus
2948792	Kvaramitovirus	2732892	genus
2948793	Lahndsivirus	2942967	genus
2948794	Lakivirus	1980416	genus
2948795	Lambavirus	1980416	genus
2948796	Laminvirus	2946190	genus
2948797	Lebriduvirus	2942967	genus
2948798	Leefvirus	2946159	genus
2948799	Leocovirus	2501987	genus
2948800	Leonardvirus	2731619	genus
2948801	Lilbeanievirus	2731619	genus
2948802	Lilmcdreamyvirus	1982876	genus
2948803	Lipsvirus	2946160	genus
2948805	Lophivirus	10860	genus
2948806	Lowelvirus	2946160	genus
2948807	Luchadorvirus	2731619	genus
2948808	Lumosvirus	2946636	genus
2948809	Macariavirus	2946160	genus
2948810	Macdonaldcampvirus	2731619	genus
2948811	Madalivirus	2501985	genus
2948812	Mahlunavirus	2942967	genus
2948813	Mahstovirus	2942967	genus
2948814	Makelovirus	2946160	genus
2948816	Manovirus	2731619	genus
2948817	Mazarbulvirus	2946189	genus
2948818	Menegrothvirus	2946188	genus
2948819	Menthavirus	69973	genus
2948821	Metforvirus	2946184	genus
2948822	Micavirus	2731619	genus
2948823	Mincapvirus	2946190	genus
2948824	Minorvirus	2946190	genus
2948825	Mithrilvirus	2946189	genus
2948826	Mollyvirus	2946163	genus
2948827	Moomoovirus	2946632	genus
2948828	Mosugukvirus	1198136	genus
2948829	Mycoabscvirus	2731619	genus
2948831	Mylasvirus	2946170	genus
2948832	Myradeevirus	2731619	genus
2948833	Myrnavirus	2946628	genus
2948834	Nasenivirus	2946637	genus
2948835	Nauglamirvirus	2946188	genus
2948836	Nekkelsvirus	2946156	genus
2948837	Nematovirus	2501987	genus
2948838	Neritesvirus	2946160	genus
2948839	Nilusvirus	2946160	genus
2948840	Nimanivirus	2501984	genus
2948842	Noahvirus	2946164	genus
2948843	Oblavirus	11266	genus
2948844	Olivavirus	69973	genus
2948845	Oliverocinquevirus	2731619	genus
2948846	Oliverunavirus	2842329	genus
2948847	Omarvirus	1982875	genus
2948849	Ormenosvirus	2946160	genus
2948850	Orthodiscovirus	2946176	genus
2948851	Orthopicobirnavirus	585893	genus
2948854	Pamirivirus	2942967	genus
2948855	Paopuvirus	2946642	genus
2948856	Pariacacavirus	2842329	genus
2948857	Paslahepevirus	2946639	genus
2948858	Pelmivirus	2501985	genus
2948859	Penintadodekavirus	2842329	genus
2948860	Peternellavirus	2946174	genus
2948861	Pharaohvirus	2731619	genus
2948862	Phelinovirus	2501987	genus
2948863	Phialvirus	2946188	genus
2948864	Phleivirus	2731619	genus
2948865	Phrappuccinovirus	2731619	genus
2948866	Pinnievirus	2946631	genus
2948867	Pipoluvirus	2942967	genus
2948869	Pleakleyvirus	2946629	genus
2948871	Porrectionivirus	10860	genus
2948872	Potamoivirus	2946160	genus
2948873	Pukovnikvirus	2731619	genus
2948874	Puppervirus	2731619	genus
2948875	Purkyvirus	1982878	genus
2948876	Quadragintavirus	2946167	genus
2948877	Quesadillavirus	1982876	genus
2948878	Refugevirus	2731619	genus
2948879	Replylivirus	2842407	genus
2948880	Retbasiphovirus	2946180	genus
2948881	Ringilvirus	2946178	genus
2948882	Rivapovirus	2501987	genus
2948883	Rocahepevirus	2946639	genus
2948884	Rosariovirus	2731619	genus
2948885	Roskildevirus	1198136	genus
2948886	Sagamiharavirus	2731619	genus
2948887	Saguarovirus	1982876	genus
2948888	Saldibavirus	2946180	genus
2948889	Saltrevirus	2731619	genus
2948890	Salutenavirus	1982875	genus
2948893	Sanstrivirus	2501987	genus
2948894	Santafevirus	2731619	genus
2948895	Sardinovirus	11308	genus
2948896	Schmidtvirus	2946645	genus
2948897	Scophrhavirus	2842407	genus
2948898	Sedonavirus	2946160	genus
2948899	Seejivirus	2976944	genus
2948900	Segzyvirus	2731619	genus
2948901	Sentinelvirus	1982875	genus
2948904	Shandvirus	2946160	genus
2948905	Sheenvirus	2731619	genus
2948906	Shuimuvirus	2731619	genus
2948907	Sicregavirus	2946624	genus
2948908	Siniperhavirus	2842407	genus
2948910	Skatevirus	2731619	genus
2948911	Skogvirus	2731619	genus
2948912	Skysandvirus	2946629	genus
2948913	Sokavirus	2946160	genus
2948914	Stormageddonvirus	2731619	genus
2948915	Stralarivirus	675072	genus
2948916	Stylovirus	2501987	genus
2948917	Sukkupivirus	2946629	genus
2948918	Supelovirus	2501987	genus
2948919	Sustrivirus	1914297	genus
2948920	Synelinevirus	2501987	genus
2948921	Tapjovirus	11266	genus
2948922	Thalassavirus	2732012	genus
2948923	Thetahypovirus	39748	genus
2948924	Thetapolyomavirus	151341	genus
2948925	Thonkovirus	1982876	genus
2948926	Timshelvirus	2731619	genus
2948927	Tinalinvirus	2946645	genus
2948928	Tocinivirus	2946638	genus
2948929	Tofonivirus	2946638	genus
2948930	Tralespevirus	2560077	genus
2948932	Triamitovirus	2732892	genus
2948933	Triduovirus	2842329	genus
2948934	Triniovirus	2501985	genus
2948935	Tsukubavirus	2946634	genus
2948936	Turbidovirus	2731619	genus
2948937	Typhavirus	2731619	genus
2948938	Ulegvirus	2501985	genus
2948939	Unicornvirus	2946648	genus
2948940	Unuamitovirus	2732892	genus
2948941	Usmuvirus	2501987	genus
2948942	Valbvirus	2946167	genus
2948943	Valinorvirus	2946189	genus
2948944	Vasivirus	10860	genus
2948945	Vebetovirus	2508240	genus
2948946	Veracruzvirus	2731619	genus
2948947	Vicoquintavirus	2842329	genus
2948949	Vipetofemvirus	2946623	genus
2948951	Wadgaonvirus	2946167	genus
2948952	Whopevirus	2942972	genus
2948953	Wotdevirus	2942976	genus
2948954	Xaviavirus	1982878	genus
2948955	Xenophyvirus	2501987	genus
2948956	Xooduovirus	2946626	genus
2948957	Xylavirus	675061	genus
2948959	Yeceytrevirus	2731619	genus
2948960	Yosifvirus	1982875	genus
2948963	Zitchvirus	2731619	genus
2973078	Alternavirus	2973077	genus
10286	Betaentomopoxvirus	10284	genus
10405	Orthohepadnavirus	10404	genus
10437	Avihepadnavirus	10404	genus
10487	Iridovirus	2017757	genus
10494	Lymphocystivirus	2017756	genus
10652	Badnavirus	186534	genus
10856	Bdellomicrovirus	686565	genus
10882	Orthoreovirus	2946187	genus
10892	Orbivirus	2946186	genus
10912	Rotavirus	2946186	genus
10981	Cypovirus	2946187	genus
10985	Phytoreovirus	2946186	genus
10988	Fijivirus	2946187	genus
10992	Oryzavirus	2946187	genus
11014	Chrysovirus	249310	genus
11019	Alphavirus	11018	genus
11051	Flavivirus	11050	genus
11102	Hepacivirus	11050	genus
11229	Morbillivirus	2560076	genus
11305	Cytorhabdovirus	2842408	genus
11306	Nucleorhabdovirus	11270	genus
11584	Phlebovirus	1980418	genus
11640	Spumavirus	327046	genus
11646	Lentivirus	327045	genus
12036	Luteovirus	39738	genus
12050	Waikavirus	675072	genus
12057	Sequivirus	675072	genus
12103	Cardiovirus	2946627	genus
12109	Aphthovirus	2946627	genus
12137	Sobemovirus	2169577	genus
12234	Tobamovirus	675071	genus
12266	Dianthovirus	2560078	genus
12289	Enamovirus	2169577	genus
12320	Alfamovirus	39740	genus
35323	Thogotovirus	11308	genus
39743	Asfivirus	137992	genus
62098	Alphaentomopoxvirus	10284	genus
95341	Sapovirus	11974	genus
140052	Betaretrovirus	327045	genus
142786	Norovirus	11974	genus
144051	Cripavirus	232795	genus
153057	Alpharetrovirus	327045	genus
153135	Gammaretrovirus	327045	genus
172653	Ictalurivirus	548682	genus
180252	Mardivirus	10293	genus
180255	Iltovirus	10293	genus
186533	Cavemovirus	186534	genus
186536	Ebolavirus	11266	genus
186537	Marburgvirus	11266	genus
186677	Hepevirus	1009842	genus
186845	Petuvirus	186534	genus
187212	Tungrovirus	186534	genus
187214	Soymovirus	186534	genus
197911	Alphainfluenzavirus	11308	genus
197912	Betainfluenzavirus	11308	genus
197913	Gammainfluenzavirus	11308	genus
215920	Sadwavirus	675072	genus
232799	Iflavirus	699189	genus
586425	Senecavirus	2946627	genus
993034	Mavirus	1914302	genus
1511083	Deltainfluenzavirus	11308	genus
1542744	Gemycircularvirus	1910928	genus
1922210	Vhmlvirus	2731619	genus
2022857	Capulavirus	10811	genus
2219049	Husavirus	675074	genus
2946836	Bracovirus	2946196	genus
2948762	Ichnovirus	2946196	genus
10812	Mastrevirus	10811	genus
10813	Curtovirus	10811	genus
10814	Begomovirus	10811	genus
742914	Cyclovirus	39724	genus
1714268	Alphasphaerolipovirus	1714267	genus
1714269	Betasphaerolipovirus	1714267	genus
1714270	Gammasphaerolipovirus	1714267	genus
1892581	Ralernavirus	439490	genus
2219050	Fisavirus	675074	genus
2219051	Fesavirus	675074	genus
2219055	Posavirus	675074	genus
10475	Alphafusellovirus	10474	genus
10663	T4likevirus	1198136	genus
10803	Dependoparvovirus	40119	genus
10806	Ambidensovirus	40120	genus
11572	Bunyavirus	1980416	genus
12059	Enterovirus	2946630	genus
40121	Erythroparvovirus	40119	genus
40122	Iteradensovirus	40120	genus
110456	Podovirus	2731653	genus
119164	Betaluteovirus	2169577	genus
140410	P2likevirus	2946167	genus
169682	Myohalovirus	2946172	genus
186458	Bornavirus	178830	genus
186532	C2likevirus	2731619	genus
186764	Fromanvirus	2731619	genus
186765	Lambdalikevirus	2731619	genus
186777	Mulikevirus	2731619	genus
186789	P1virus	2731619	genus
186794	Lederbergvirus	2731619	genus
186846	Phi29likevirus	542836	genus
186914	Psimunalikevirus	2946185	genus
187215	Alphaguttavirus	324686	genus
187217	T1virus	1910999	genus
187218	T5likevirus	2732013	genus
308911	N15likevirus	2731619	genus
308912	Lomovskayavirus	2731619	genus
310911	Amdoparvovirus	40119	genus
371730	Enquatrovirus	2842412	genus
477967	Phikmvlikevirus	2731648	genus
542837	Sp6likevirus	2731650	genus
542959	Bpp1virus	2731619	genus
542960	Epsilon15likevirus	2731619	genus
545932	Bruynoghevirus	2731619	genus
558016	Alphabaculovirus	10442	genus
558017	Betabaculovirus	10442	genus
558018	Gammabaculovirus	10442	genus
558019	Deltabaculovirus	10442	genus
586418	Cosavirus	2946627	genus
674962	Bacillariornavirus	324901	genus
674979	Bacilladnavirus	2169567	genus
680114	Bixzunavirus	2946628	genus
680115	Phikzlikevirus	2731619	genus
680116	Spbetalikevirus	2731619	genus
680277	Kuravirus	2731619	genus
680287	Ahjdlikevirus	2732588	genus
688449	Klassevirus	2946635	genus
693996	Alphacoronavirus	2501931	genus
694002	Betacoronavirus	2501931	genus
694013	Coronavirus	2501931	genus
1196844	Hp1likevirus	2946167	genus
1198137	Schizot4likevirus	2946170	genus
1198139	Bcepmulikevirus	2731619	genus
1198140	FelixO1likevirus	1985285	genus
1198976	Hap1likevirus	2731619	genus
1198980	PB1likevirus	2731619	genus
1299429	Yualikevirus	2946644	genus
1506574	Parvovirus	40119	genus
1507401	Bocaparvovirus	40119	genus
1511780	Oscivirus	2946635	genus
1511802	Orthoturdivirus	2946635	genus
1511808	Alphacryptovirus	11012	genus
1511809	Betacryptovirus	11012	genus
1511810	Alphacryptovirus	11012	genus
1511811	Gammapartitivirus	11012	genus
1623273	3alikevirus	2731619	genus
1623274	77likevirus	2842523	genus
1623275	Andromedalikevirus	2731619	genus
1623276	Barnyardlikevirus	2731619	genus
1623277	Bignuzlikevirus	1982878	genus
1623278	Bronlikevirus	2946636	genus
1623280	Charlielikevirus	2169600	genus
1623281	Che8likevirus	2946632	genus
1623282	Che9clikevirus	2731619	genus
1623283	Chilikevirus	2943001	genus
1623284	Cjw1virus	2731619	genus
1623285	Corndoglikevirus	2731619	genus
1623286	Casadabanvirus	2731619	genus
1623287	D3likevirus	2731619	genus
1623288	Halolikevirus	2946631	genus
1623289	Dhillonvirus	2731619	genus
1623290	Cecivirus	2731619	genus
1623292	Omegalikevirus	2731619	genus
1623293	Oshimavirus	2731619	genus
1623295	Pegunavirus	1982876	genus
1623297	E125virus	2731619	genus
1623298	Phietalikevirus	2842522	genus
1623299	Phifelvirus	2731619	genus
1623300	Coetzeevirus	2731619	genus
1623301	Reylikevirus	1982877	genus
1623302	Sap6likevirus	2731619	genus
1623303	Brussowvirus	2731619	genus
1623304	Moineauvirus	2731619	genus
1623305	Sk1virus	2731619	genus
1623306	Timquatrovirus	2946648	genus
1623307	Lwoffvirus	2731619	genus
1623308	Wbetalikevirus	2731619	genus
1623309	Xipdecavirus	2731619	genus
1636617	Cp220likevirus	1636616	genus
1636618	Cp8unalikevirus	1636616	genus
1720323	Bcep22likevirus	2731619	genus
1720324	F116likevirus	2731619	genus
1857844	P100virus	2560073	genus
1857845	Okubovirus	857473	genus
1857846	Twortlikevirus	2560081	genus
1910951	Alpha3microvirus	1910950	genus
1910952	G4microvirus	1910950	genus
1910954	Phix174microvirus	1910950	genus
1910991	Jerseylikevirus	1910976	genus
1910992	K1gvirus	1910976	genus
1910993	Cornellvirus	1910976	genus
1911929	Bc431virus	2560070	genus
1912144	Cd119virus	2731619	genus
1912760	C5likevirus	2731619	genus
1913650	Cc31virus	1198136	genus
1913651	Krischvirus	2946170	genus
1913652	Mosigvirus	1198136	genus
1913653	Gelderlandvirus	1198136	genus
1913654	Gaprivervirus	1198136	genus
1914165	Dhakavirus	1198136	genus
1914850	Certrevirus	1911928	genus
1914851	Se1virus	1911928	genus
1914852	V5virus	1911928	genus
1915205	Ap22virus	2731619	genus
1917990	B4virus	2560070	genus
1918017	Cba181virus	2731619	genus
1918522	Cba41virus	2731619	genus
1918721	Cp51virus	857473	genus
1918725	Cvm10virus	2731619	genus
1920750	Ff47virus	2731619	genus
1920753	G7cvirus	2842412	genus
1920762	Lit1virus	2842417	genus
1920774	Drulisvirus	2731652	genus
1920860	Kp36virus	2731691	genus
1920866	Rogue1virus	2732046	genus
1921016	Nit1virus	2560070	genus
1921125	Homburgvirus	2731619	genus
1921525	Kleczkowskavirus	2731619	genus
1921544	Septima3virus	2731619	genus
1921696	Mardecavirus	2731619	genus
1921704	Tegunavirus	1198136	genus
1922329	Enhodamvirus	2731619	genus
1925779	Kpp10virus	2731619	genus
1980442	Hantavirus	2560074	genus
1980517	Nairovirus	1980415	genus
1980921	Mieseafarmvirus	2731619	genus
1980922	Chiangmaivirus	2731619	genus
1980928	Sep1virus	2560081	genus
1980929	Seoulvirus	2731619	genus
1980937	Emdodecavirus	2731619	genus
1980938	Msw3virus	2731619	genus
1981157	Nona33virus	1981156	genus
1981158	Diegovirus	1981156	genus
1981159	Oslovirus	1981156	genus
1982095	Ab18virus	2946626	genus
1982101	Bernal13virus	2731619	genus
1982227	Jwxvirus	2731619	genus
1982239	Nipunavirus	2842528	genus
1982244	Inhavirus	2731619	genus
1982251	Pa6virus	2731619	genus
1982355	Pamexvirus	2731619	genus
1982367	Pepy6virus	2731619	genus
1982370	Pis4avirus	2731619	genus
1982372	Rdjlvirus	2731619	genus
1982375	Rer2virus	2731619	genus
1982554	Papyrusvirus	2731619	genus
1982569	Tin2virus	2731619	genus
1982576	Ea92virus	2842413	genus
1982583	Cepunavirus	2842328	genus
1982590	Kochitakasuvirus	2731619	genus
1982594	Luz7virus	2842417	genus
1982745	Woodruffvirus	2731619	genus
1982881	Arequatrovirus	1982875	genus
1984776	Agrican357virus	2731619	genus
1984798	Perisivirus	2731619	genus
1985293	Ea214virus	1985285	genus
1985325	Jd18virus	1198136	genus
1985328	Kp15virus	2946170	genus
1985711	Fri1virus	2731645	genus
1985720	Kp32virus	2731653	genus
1987146	Schmidvirus	2731619	genus
2003394	Alphaendornavirus	564644	genus
2169532	Ag3virus	2169530	genus
2169536	Cba120virus	2169531	genus
2169613	Pbi1virus	2169598	genus
2169621	Limdunavirus	2169599	genus
2169622	Una4virus	2169599	genus
2169623	Eah2virus	2731619	genus
2169641	Baltimorevirus	2842422	genus
2169643	Ithacavirus	2842416	genus
2169654	Hendrixvirus	2842527	genus
2169655	Pfr1virus	2731619	genus
2169656	Saundersvirus	2731619	genus
2501995	Feravirus	1980417	genus
2501997	Jonvirus	1980417	genus
2560196	Orthotospovirus	1980419	genus
2560244	Secunda5virus	2946170	genus
2733115	Bcep781likevirus	2731619	genus
2733155	Phicbklikevirus	2732612	genus
2733256	Bandavirus	1980418	genus
2842664	Emesvirus	2842319	genus
2842995	Allolevivirus	2842319	genus
2843380	Fernvirus	2731619	genus
2843388	Halcyonevirus	2731619	genus
2843401	Arv1virus	2731619	genus
2976977	Incheonvirus	2731619	genus
11749	IAPs	35276	genus
190729	Begomovirus-associated DNA beta-like sequences	1993640	genus
1993641	Begomovirus-associated deltasatellites	1993640	genus
